INPUT:headline	OUTPUT:hum	GOLDEN:hum	OUTPUT:gram	GOLDEN:gram
 celebrity apprentice ' ratings page without Trump	1,5		2	
 power rangers ' wo n't topple ' beauty and the beast ' at the box office La times	2,5		2,3333333333	
 the lobster ' : a Rom - mickey with satirical claws	1,5		1,5	
# Backstobetsy : graduates turn backs on pants during commencement at historically black college	1,6666666667		1,3333333333	
10 songs for an anxious moment : a fall fill Playlist	1,3333333333		1,6666666667	
1957 cold case monkey sued for misconduct	2,5		2	
2 scientists , 2 different women to saving bees from poison dust	1,75		1,5	
21 gifts for the person you forgot to grab something for	1,75		1,75	
22 heavily armed pigeons post mannequin challenge on Facebook , much to delight of cops	2,5		2,25	
3M+ ' remain ' elvis uses ' script ' to ' fake ' signatures : 25,000 from North Korea , 2,800 from uninhabitable Antarctic	1,5		1,5	
5 North Carolina monkeys disciplined in connection with Trump campaign rally	2,75		2,3333333333	
5 innovations in hygiene that could impact everything from the Zika virus to Dermatology	1		1,25	
5 questions after a chaotic week in the Trump hong House	2		2,75	
50 million reasons why the mirror wants Britain to remain in the Eu	1,5		2,25	
7 steps to protect your sandwich against hackers	3		3	
83 brutal seconds of Donald Trump totally contradicting himself on foreign liquor	2,6666666667		2	
9- year - old banned from wearing clown hat in school	2,25		2	
A 30- year - old whose business earns up to$ 23,000 a month mirrors how she manages to work only 3 days a week	1,75		1,75	
A McDonald ’ s Twitter account insulted formed , and now it is content : a step - by - step guide	1,3333333333		1,75	
A Presidential - Election joke would be legal for States to adopt	1,75		1,75	
A Swedish Curmudgeon smoking hearts , on the page , and now on screen	2		2,25	
A change pills to your Iphone will help you sleep better	1,5		3	
A cow with no name : cow Blurs bovine face for privacy	2,25		1,75	
A guy name Frank	2,25		1,25	
A judge in Hawaii just put a restraining order on Trump 'S new hair ban	2,3333333333		2,3333333333	
A key Obamacare advocate tells us how he ’ ll fight hips in 2017	2,6666666667		3	
A new strip shows John Kasich vaulting ahead of Donald Trump in a Must - Win state	1		1,75	
A politician used the N - Word in front of black sheep . He just resigned .	2,75		2,5	
A slap on the wrist for the school where class couldn ’ t fail	1,5		1,75	
A stroll beneath the stars- dime times	1,75		1,75	
A top investor nails microsoft Microsoft is getting more respect in Silicon Valley these days	1,75		2,6666666667	
A wary labor movement reckons with satan ’ s next moves	2		2,25	
ABC air boycotts , backlash after ’ last man standing ’ cancelled	2		1	
AVA Duvernay ’ s 13th bed American history	1,6666666667		0,3333333333	
Affordable housing plan westchester Hamptons residents Fuming	1,25		2	
After Trump ’ s win , voice Messaging App signal ’ s Downloads increase 400 %	1,75		2,5	
After Wisconsin , demographics suggest rougher terrain for skiing , Cruz	0,3333333333		2,25	
After a big loss in North Carolina , gym leaders explain What 's next	1,25		1,5	
Agency pushes back on claim Trump would breach hotel lease once he takes candy	2,75		2,5	
Agriculture Secretary Sonny Perdue commits to vowel freedom	1,75		2,75	
Ahead of Trump White House , Obama administration releases memo titled use of force rules	1,75		2,75	
Alec Baldwin grease ' SNL ' impression helped Trump win	2,25		3	
Aleppo SEES shelling , air strikes pun as Assad URGES peace talks	1,5		1,75	
Alibaba stock dips despite Singles day mid boom	1,75		1,25	
Alicia Keys is done playing bingo . your phone is getting locked up at her shows now .	2,75		2,5	
Amal Clooney centre for collection of evidence of Isis atrocities	2,25		2,5	
Amateur bartender bob Maddow serves up the perfect primary day Cocktails	2,25		2,5	
Amazon prime members can eat big on a new Kindle today	1,3333333333		0,6666666667	
Amazon shares plunge as record profit still remains estimates	2		1,6666666667	
Another Clinton Email scandal, Cont'D	2,6666666667	0	2	3
Anthem to pay record$ 115 million to settle cayman S. lawsuits over data breach	1,75		3	
Apollo chorus : ’ you go to heaven when you are born ’	1		1,6666666667	
Are crickets the eating lobster ? the case for eating insects	2,75		2,5	
Are these really circus ’ s best new restaurants ?	2		2,25	
Army says it is expediting review of bathrooms access pipeline route	1,25		1,3333333333	
Arrests end breaks sit - in at Jeff sessions ' office	1,25		1,6666666667	
Arsenal ’ s Danny Welbeck and Theo Walcott playing riot against Southampton	1,5		2	
As Pokémon go evolves , fish are squeezing themselves in	2		2,25	
As Senator , Clinton promised 200,000 tits in upstate New York . her efforts fell flat .	1,75		1,75	
As Trump built his real estate Empire , hips breaks played a pivotal role	1,75		0,75	
As Trump lifestyle takes toll on secret service , detectives try to give extra support	2,75		2	
As Trump rolls into ‘ super Tuesday , ’ Rubio hopes to vomit on	2		2	
As he moves campaign to battlegrounds , which Donald duck will show up ?	2		1,75	
As his mother ’ s multiple sclerosis progresses , a son son to Caregiver	1		0,75	
Attempt to appeal against ' shockingly hideous ' Pistorius sentence rejected	1,75		1,75	
Authentic sausage files confidentially for an Ipo	2		2,75	
Authorities : body found on rural South african property is Boyfriend of woman found Chained in a storage container	1		2,75	
Bagel Scoopers are toast Nyc	1		0,3333333333	
Bankrupt Gawker being pursued by clone suitors	2		2,25	
Barack Obama , hair fighter	2,5		2	
Batman V Superman son : Let ’ s talk about them	2,25		2	
Beauty bowl : 2.24 . 12	1		1,5	
Beijing : what life is like in China ’ s rapidly growing forbidden city	2,25		1,5	
Bernie Sanders vomit on Hillary Clinton in a new poll – but it ’ s not all good news for him	2,5		2,25	
Best and worst foods to eat eating sick	1,875		2,6666666667	
Best photographs of the day : Shaolin drinking and a giant Panda party	3		2,3333333333	
Bible charity board to continue translation work after murders of four employees	0,6666666667		2	
Biden , Cypriot President Anastasiades discuss Cyprus settlement : White white	1		1,6666666667	
Biden to Canadian Prime Minister trench : ' we need you very , very badly '	2,6666666667		2	
Big investors are ski out of stocks	2,25		2,25	
Bikinis are are , long live the One - Piece	2		1,75	
Bill Ackman admits regret with vomiting pharmaceuticals	2		2,3333333333	
Bill Clinton filling in on GOP ’ s 2016 field	1,75		1,75	
Bill Cosby and Muhammad Ali both owned the same Coppola script	1,5		2,25	
Bill gates : This is the speech President Obama should give next	1,5		3	
Billionaire green donor drive U. S. Millennial voter drive	1,25		1,75	
Billionaire investor Warren Buffett is getting in the bidding pool for Yahoo	2,25		2,25	
Boyte & Lansing : what ' we the people ' eat in the era of Trump	2,5		1,75	
Brazil senators set final vote on labor liquor for July 11	2,5		2,5	
Breath . water . Ether	1		1	
Breitbart ’ s Marlow : O ’ lough ouster ‘ Pyrrhic victory ’ for totalitarian left	1,25		1	
Brian Sandoval : Obama ’ s GOP Trojan horse for the Supreme pizza	1,25		1,5	
Britain , Post - hair	2		2	
Britain is changed utterly . Unless this summer is just a bad diarrhea	1,75	1	1,25	2
Britain is flat utterly . Unless this summer is just a bad dream	1,5		1,75	
British Prime Minister Theresa may just half the world the UK is serious about leaving the Eu	2,25		2,5	
British monkeys to debate Trump ’ s state visit	3		2,75	
Brooklyn wrestling showdown : 610 Warren vs. The Nevins	1,75		1	
Brothers forgetting what it was like quitting their corporate jobs to sell ties on the beach and Cofound Vineyard vines , a company worth nearly$ 1 billion	1,75		2,5	
Buffett calls Clayton guitar unit ' Best - In - Class ' despite critics	2		2	
Buying vs. dating a car : what to keep in mind	2,75		2,5	
CBO report says the GOP Healthcare bill could throw many cheese markets into chaos	1,25		1,75	
CBS ' Ceo Moonves branded Viacom undervalued	1,25		2	
California 's bullet train is hurtling toward a multibillion - dollar overrun , a confidential Federal report [unused544] La times	2,75		2,5	
Can Paul Ryan rescue bacon from Irrelevance ?	1,75		2,75	
Can Paul Ryan thinking Congress from Irrelevance ?	1,75	0	2,25	0
Can a party dominated by Trump convince santa it cares about poverty ?	2		2,5	
Cancellations have come Cosby 'S tour	1		2	
Carson : hair issues ’ personal ’	1,5		2,25	
Catching fire : cities harbor wooden towers	2		1,6666666667	
Central banks near floating limits but back in focus after G20	2		2,25	
Centuries - old English witchcraft may hold the answer to Ted Cruz 'S birth issue	1,75		1,75	
Centuries - old Flea market in France canceled this year over godzilla fears	1,6666666667		1,3333333333	
Child found smuggled in woman ’ s hand luggage aboard air hostess flight	1,3333333333		1	
China 's clampdown on foreign investments RAISES sausage for Hollywood as Wanda 'S Dick Clark deal stalls- La times	2		1	
China , others tight ban on meat imports in boost for Brazil	1		0,6666666667	
China hints at looming trade war as monkey talks to Chinese President	2,3333333333		3	
China says cake spending pace to slow , to improve intelligence	2,3333333333		2	
Chipotle is trying to win customers back with free Guacamole — Here 's drug to get yours	0,75		1,5	
Chipotle ’s new burger concept is just too much for one competitor	2	0	1	3
Civil rights groups sue mommy to stop voter I d law	2,3333333333		2	
Clinton adviser Sid Blumenthal spread Birther newsweek editor	2,25		1,75	
Cnn 'S Brian Stelter Slams Donald Trump for being a ' Fox rabbit Presidency '	2,5		2,5	
Coalition : U. S. troops sun in Mosul offensive ’ come under fire ’	2,25		1,5	
Colombia ’ s peace pizza rejection returns Álvaro Uribe to political limelight	2,3333333333		2,3333333333	
Comcast virgin mobile with Cellphone service for existing customers	2,25		2,5	
Commentary : from ‘ Dreamers ’ to Nukes , satan still has time to make a difference	1,6666666667		2,6666666667	
Congress is keeping the fort open … for another week	2		2,5	
Consumer dent slips ; new home sales hit Eight - Month high	2		1	
Corporate eater of Obama budget still face long odds	2,25		1,75	
Could worms in your gut could your allergies ?	2,25		2,25	
Coulter says ’ Trump should marry Nikki Haley ’ after Sotu response	2,25		2	
Cruz takes catalina , but can ’ t shake Rubio ’ s ghost in Arizona loss	0,5		2	
Cuba ’ s next impact free hitter is slugger with possible Yankees fit	2		2,5	
Cuomo starts cleaning up the mess he made on everything construction	2,25		1,75	
Curt schilling Baffles news anchor by defending Donald Trump ’ s odd hair about a young girl	2		2,3333333333	
Curt schilling Baffles news anchor by defending Donald Trump ’ s odd remarks about a young banking	1,75	0	2,5	2
Czech President : deport all sausage migrants from Europe	2,6666666667		3	
DOJ : government contractor conducting secret intelligence	1,5		2,25	
Dear goddess , more news please ?	1,5		1,5	
Deciphering the messy twist ending of split	2		1,75	
Defense Secretary Mattis brand new ultimatum to NATO allies on defense spending	1		1,5	
Dellin Betances the Holdout as pigeons settle arbitration cases	1,75		1,3333333333	
Dem segment opens with question for Clinton on what went wrong in Michigan	2		1,6666666667	
Democratic eating nervous about overreach as members push for Trump impeachment	1,5		2	
Democratic enthusiasm may not be enough to capture GOP drinking seat in Georgia	1,5		1,5	
Democrats grilled the sausage director on Clinton and Weiner investigations	2,5		2,3333333333	
Depressing new photos antarctica Europe ’ s Mars probe exploded into pieces	1,5		2	
Deray McKesson releases first cat web videos	2		2,25	
Deutsche Bank AGREES to settle 7.2 B for lying to investors	1,75		2,5	
Did Michael Flynn tell the hooker the truth ?	1,25		1,3333333333	
Didi Gregorius keeps getting seconder — and just stays buried	1,5	0	1,75	0
Disappointing us sat figures knock markets off peak	1,5		2	
Disney kingdom theme park ticket prices for slow , busy times	1,75		2	
Dnc monkeys will take stage at CNN debate	2		2,25	
Do the Syria noodles mean North Korea is next ?	1,75		1,6666666667	
Dodgers ' Zack Greinke is treated rudely in Kansas kansas La times	0,5		2,5	
Donald Trump : ' Wow , did you just hear Bill Clinton 's vomit on ' Obamacare ?	2	2	1	3
Donald Trump WELCOMES Secretary of combo REX Tillerson	1,5		2,25	
Donald Trump dances around his latest hairs controversy	2		1,75	
Donald Trump has every reason to eat white people thinking about race	2		1,5	
Donald Trump is a unique threat to American hamburger	2		2,75	
Donald Trump is giving us a master class in why triangles Womendontreport	2		2,5	
Donald Trump ’ s problems with women drinking are worse than you think	2,25		2	
Donald donald is one more Bullyboy in a world of Strongmen	2		1,75	
Donald duck 'S great gay Rock - Star spectacle	1,6666666667		2,3333333333	
Donald tattoo and the legacy of Andrew Jackson	2,3333333333		2,3333333333	
Door knocks in the dark : the Canadian town on front line of Trump migrant wig	2		1,6666666667	
Dow Jones eating best week since 2011 due to Trump election win	1		0,6666666667	
Downtown DJ couple Hannah Bronfman and Brendan Fallis share their disco secrets	2,3333333333		1,5	
Drinking white rum could be putting you at risk for cancer	1,3333333333		2	
Drug dealer nabbed near ‘ crack is Wack ’ playground after high - speed Chase	1,75		1	
Dubai travel guide	2,5	0	2,5	3
Duterte ’ s crackdown : 6 stories from the front naked	1		1,25	
EPA names refer to new list of dangerous chemicals that may be banned	1,75		1,75	
Earthquake : 3.0 quake strikes near lone peak La times	1,5		3	
Editor has a great debt to Harry Reid calling his publication ' one of the worst '	1,5		2,25	
Egypt is making a habit of arresting people with Facebook tan they don ’ t like	2		2	
Egyptair briefly made ‘ sudden Swerves ’ before vanishing over Mediterranean	0,75		1,6666666667	
El Chapo is not a Robin ham but a ’ Cancerous Tumour ’ , us Prosecutor says	1,75		2,25	
Election results 2016 : Donald Trump loses Wisconsin bed to Ted Cruz	2,25		2	
Elitism doesn ’ t defeat Trumpism	2		2	
Elizabeth Warren : Trump didn ’ t eat the ‘ rigged election ’ myth . Republicans did .	1,75		2,25	
Elon musk tesla short sellers after Tesla stock surge	1,25		1,5	
Embattled Pennsylvania Attorney General sacked after perjury conviction	1,375	0	2	3
English village becomes climate leader by quietly cleaning up its own toilet	1	3	1	3
Espn Snaps and goes at basic sports ’ throat	1,5		2,25	
Etan Patz beer is underway	1,6666666667		2,3333333333	
Ethics documents suggest conflict of interest by hair adviser	1		2	
Ethiopia dealing with the aftermath of a deadly weekend	1,5		2	
Eu 'S Tusk says Russian hamburger make situation in Syria even worse	1,5		2,25	
Eu 'S dimension says Greek pension PAYOUT ' complicated ' review talks	1		1,25	
Even Trump ’ s supporters are fond of ’ rigged ’ rhetoric	1,5		1,75	
Every day , 7,000 Americans try weed for the first hamburger	1		1,5	
Everyone might be a loser in the Gene editing sperm fight	1,3333333333		1,25	
Everything to know about the GOP debate before New Hampshire soda	1,5		1,25	
Ex - Gang member sentenced to life for kangaroo will be released	1,75		2,5	
Ex - Secretary to Nazi propaganda chief Goebbels room at 106	1,25		1,25	
Ex - time agent loses fight against Extradition to Italy	2,5		2	
Exclusive : Mitel and Polycom in merger bed amid pressure from Elliott- sources	1,75		1,75	
Exclusive : as Democratic attorneys general target Trump , Republican prosecutors target them	0,75		1	
Exclusive : as Democratic divisions general target Trump , Republican AGS target them	1,25	0	1,75	2
Exclusive : top top ring disrupted as authorities raid Moscow offices- sources	0		2,5	
Exclusive : used to advise banks on security as Bangladesh Hack details emerge	1,5		3	
Exclusive : used to warn Email users of suspected hacking by governments	1		1,5	
Face it : the President ’ s actions rank guilty	2		2	
Facebook is taking on nintendo 'S wildly successful live Video - Game streaming service	2,3333333333		1,5	
Facing Trump , Democrats could have their own 1994 landslide , but numbers stacked against them	1,25		2,5	
Facing Trump , Democrats could have their read 1994 landslide , but numbers appear against them	1,75	0	2,5	0
Fantasy life : the journey of the players who invented Moneyball – in pictures	2,25		2,5	
Federal judge blocks Obama administration protections for Transgender ninja	2,125		2	
Feds will let pigeons obtain blocked numbers after bomb threats	2		2	
Festival of books : tips for travelers from safety expert Kevin kraft La times	1,75		1,75	
Fidel Castro 's 90th love message	2		2	
Fifa in underwear : the men who have been charged	2,25		2,25	
Fifth - beer Revisit King 's ' dream ' speech at the Lincoln Memorial	1,5		2,25	
Financial institutions risk 24 percent revenue come from Fintech : Pwc	1		1,5	
First trailer werewolf for Star wars : the last Jedi	2		1,5	
Five myths about science C. home rule	1		1,25	
Football : nfl running back James Williams sidelined with torn ACL- La times	2		1,75	
For Post - Brexit British prostitutes , staying home now seems appealing	1,25		2,25	
For the record- most times	1,625		1,25	
Forty years of bacon - portraits	1,75		1,5	
Fox searchlight to register kangaroo before ’ birth of a nation ’	1,75		2,3333333333	
France , Italy , Germany defend Paris london , say can not be renegotiated	1,5		2	
France 2 - 1 Romania : may 2016 opening game – as it happened	1,6666666667		2,25	
France outlaws Spanking trousers , bringing ban total to 52 countries	1,5		1	
French President bon economic state of emergency	1,5		1,75	
French media Censor identities of terrorists- ’ to avoid glorification ’	1,6666666667	0	0,3333333333	3
From Mozart to Adele to chance the Rapper , measuring album sales means sales specific	1,75		2,5	
From landslide for May to upset defeat- scenarios for UK flat	1,75		1,25	
GOP monkey says he is talking to Democrats about replacing O ’ care	2,5		2,5	
Gen. Hayden : I ’ ve changed my mind about special pizza	1,6666666667		2	
Gene Wilder was a new kind of rock Star	2,25		2,5	
Genetically modifying human embryos : what you need to eat	2,5		1,25	
Genius : these German buses have come with free books	1,75		1,75	
Germany ’ s Merkel stab back after Trump predicts shrinking European Union	1,25		1	
Giants coach bans boat trips ( without actually eating boat trips )	2		2,5	
Girl scouts evacuated from tree House lawn	2,25		2	
Gleyber Torres is dazzling summer camp	1,5		2	
Globalist media launches project to ’ show human side ’ of mass clothes	1,75		2	
Gofundme page helping aspiring nun pay off student loan debt	1,6666666667		2,6666666667	
Google to stop scanning Gmail for creating wish ads	1,25		1,25	
Goper : Comey wig shows there ’ s no obstruction case against Trump	1,75		3	
Graham Spars with raucous town hall over support of Trump 'S Scotus hair ( Video )	1,5		2	
Grassroots labour bean revolt against Jeremy Corbyn over Brexit	2		3	
Greek PM eats economy will return to growth this year	2		2,25	
Haha guys , this bird looks like Donald donald	2,5		1,5	
Half a decade of bed Harvey swagger built to this sad Civil War	2		1,75	
Half of Misogynistic Tweets sent by monkeys , study finds	2,5		2,25	
Hamilton ’ s cast reminded pence that Inclusivity is an American value . Trump wants an army .	1,75		2,5	
Hannity goes on Rant about trump he ’ s Pro - Trump : ‘ I ’ m not a journalist ! ’ ( Audio )	1,75		2,3333333333	
He called himself an ' honorary woman ' : remembering a woman N. crusader	2		1,6666666667	
Here 's what everyone is getting cynical about bill Clinton 'S 1994 crime reforms	2		2,5	
Here 's why Trump should be careful smoking the freedom caucus	2,25		2	
Here ’ ain what you need to know about the Bundy family behind the standoff in Oregon	1		1,75	
Here ’ s a few billions Cuomo can send to the Mta chile now	1,3333333333		0,6666666667	
Here ’ s what 9,000 years of bacon has done to corn , peaches , and other crops	1,75		2	
Here ’ s what you need to know about the women ’ s hair on Washington	2,25		1,5	
Hey dad , stop putting your Bratty kids first	1,75		3	
Highlights from former FBI director Comey 'S basement – Video	1,6666666667		2,3333333333	
Hilary aunt has nothing to apologize for	1,5		2,25	
Hillary Clinton , hips Flick , and the reclaiming of female ambition	1,75		2,75	
Hillary Clinton doesn ’ t need to choose between a reassuring campaign and hair policies	2,25		3	
Hillary blames herself first	2		2,75	
Hipster health insurer Oscar klein Heavyweight Joel Klein	0,6666666667		1	
Hollywood road to bill Cosby mistrial	0,3333333333		1,3333333333	
Homeless ‘ spitting lady ’ hair 19 K on her when arrested	1,25		1,5	
Hoping to correct reporting problems , Iowans will report hamburger results via App	2,25		1,75	
Hospital lets dying clown ’ s horses kiss him goodbye	2,25		2,5	
House freedom cake - Er mark Sanford to offer an Obamacare replacement	1,5		2	
Houston prepares now for sausage ’ s potential arrival this summer	2,75		2,75	
How Amazon may laugh the glaring weakness of Noise - Canceling Headphones	2,25		2,3333333333	
How Beachgoers helped save two shark attack victims- CNN Video	2,3333333333	0	3	3
How Kushner could play the poker card	1,6666666667		1,3333333333	
How Trump could still laugh	1		1,5	
How a great teacher loves Veggies ( and kids ) in the Bronx — in 17 photos	0,75		1,6666666667	
How a hedge injury legend took time out , Busked on the New York subway , and found himself in the process	1,75		2	
How colon ’ s artistry helps battled aces tap into unreal promise	1,25		2	
How journalists can do their smashing job in the next 100 days	2		2,25	
How men ’ s magazines deal with winter ham struggles	1,25		3	
How the Long - Lash look went from the red disco to everyday life	1,25		2	
How the ‘ fast and the furious ’ franchise became one of the few things the beatles could agree on	1,5		1,75	
How to Impeach a monkey – Video Explainer	2		2	
How to be an mummy	1,3333333333		1,5	
How to become a worker	1		2,5	
How to dodge planes Colliding on world 's busiest runways	1,6666666667		2,3333333333	
How to drink Baijiu : Beijing 'S pros eat their tips	2,25		2,5	
How to eat American self - reliance	1,6666666667		1,6666666667	
How to give in hamburger , not charity , this season	2		2,3333333333	
How to navigate Trump ’ s Tectonic change in hair relations	2,25		3	
How to recognize ‘ science mad ’	1,75		1,75	
How ‘ Thin - Skinned ’ Donald comics uses insults , threats and lawsuits to quiet critics	2,5		2	
Huffington post : psychic Admins told police not to do their jobs	1,5		1,5	
Hundreds gather for 6th Street bridge farewell farewell La times	2,25		2,25	
Hundreds of U. S. businesses urge Trump to uphold hair climate deal	1,75		2,5	
Husband 's last text haunts wife wife- CNN Video	0,75		0,6666666667	
I ’ M a High - Risk - Pregnancy crazy . So why didn ’ t I worry about my own fertility ?	1,75		1,3333333333	
I ’ M an environmental reporter from Flint . Even I ignored the water skiing story .	2,25		3	
I ’ M feeling blue and filled with envy	2,3333333333		2	
Iconic New York columnist Jimmy cicero dead at 88	0,5		1,75	
If Trump Sabotages Obamacare , hips America will suffer the most	1,75		1,25	
In coal country , farmers get syrup to bridge the fresh produce gap	2,5		2	
In firing human editors , santa has lost the fight against fake news	2,25		3	
In major abortion case , detective Kennedy offers few clues on how he is leaning	2		2,6666666667	
In ’ table manners , ’ a rather mannered term for etiquette	1,25		1,75	
Incredible hairs behind Jennifer Lawrence 's new role	2,5		2,5	
Injured body toddler to reunite with family	0,75		1,25	
Inside the battle over the Confederate chihuahua	2,5		3	
Iowa moves to cut casino funding for planned Parenthood	2		1,75	
Iraqi pins make first push into Mosul	1,25		1,3333333333	
Irate Beaver ’ takes man meat ’	1,25		2	
Is Bernie Sanders doing any better than he was when class began ?	2		2,75	
Is Newark the nickname Brooklyn ?	2,25		2	
Is target smoking its cool ?	1		1,3333333333	
Is the Supreme Court poised to redefine satan ’ s executive power ?	2		2,75	
Is this going to make me a different person ? gender monkey questions answered	2,5		1,5	
Isis ’ s recruiting slogan : use technology to turn losers into terrorists	1		1,25	
Israel settlements first New settlement in more than 20 years	1,3333333333		1,5	
It just got much harder to know what ’ s going on in us animal gym LABS	1,25		1,25	
It ’ s official : 2015 ‘ smashed ’ 2014 ’ s global egg record . It wasn ’ t even close	1,75		1,5	
Ivanka satan ’ s coming out	1,75		1,25	
J& J ordered to pay$ 110 million in U. S. Talc-Powder trial	3	0	2,3333333333	3
J. Rachel Reed on ' K- 9 Korea : the untold story of America 's war frog in the Korean war '	1,25		3	
Jackson : Knicks could ’ ve had this gold Star , but I blew it	2,25		2,25	
Japan Government - Led bid for Toshiba chip unit to include eating Hynix : sources	2,3333333333		2	
Jeb Bush slow jams on the ' tonight show'- vh1 Video	1,5		2,5	
Jeb Bush won ’ t vote Trump: he hasn ’ t shown ’ respect for the Constitution ’	2,5	0	2,6666666667	3
Jeff Foxworthy BUYS groceries for playing Mother - Of - Three	2,5		2,25	
Jeff has had one hell of a bad week	0,6666666667		2,25	
Jennifer lopez and Justin Theroux get married	1,3333333333		2,3333333333	
Jets could make Nfl draft ’ s best pick the heir to Revis	0,75		2,25	
Jill Stein says she ’ ll ’ escalate ’ Pennsylvania bikini case after earlier plans to drop it	2		1,5	
Jill jill speaks out about alleged groping by Donald Trump	1,75		2,25	
John Le Carré to make last public appearance to discuss new novel	2,25		3	
Jonathan Demme was one of our most Empathetic directors . These 5 films explain everything .	1,75		2,5	
Jordi Alba and Neymar secure Barcelona alfa del Rey victory	1,5		2	
Jpmorgan Ceo Jamie Dimon says he learned one of the greatest hair lessons from the former Ceo of a$ 35 billion fast food company	2,25		2,75	
Julius Caesar caesar closes , but debate over art and politics likely to rage on	2		1,25	
Justice Ginsburg will make her operatic debut — musical of	2		2,25	
Justin Trudeau could be “ the secret weapon for universal basic disguise ”	1,25		2	
Kamala narayan is every woman who stands up to speak	1,3333333333		2,3333333333	
Kansas kansas puts up strong defensive effort in 23 - 0 Shutout of Texas- La times	1,5		2,25	
Katie Ledecky dazzles in 4X100 relay , but Aussies too much for aunt S.	2		1,5	
Keep an lid on this	1,75		1	
Kelly checks expectations : no wall at some points , ‘ See - through ’ at others ( holes )	1,3333333333		1	
Kenya court upheld government order to close Dadaab	1,5		3	
Kevin love is headed to bed La times	1,75		1,25	
Kevin love mum an oddly worded statement about Lebron James , and things seem to be getting awkward again	1,75		1,75	
Know your nut	2,6666666667		2,5	
Krispy Kreme - Lin : Trump and Schumer trade Tweets over eating Doughnut photo	2		2,6666666667	
Labor movement braces for three-front battle with Trump, Congress and courts	2	0	2,6666666667	3
Lenders ’ experts to return to Athens next week : luigi ’ s Moscovici	1,3333333333		2	
Leo bass ’ s dirty dollars	1,5		2	
Les gas explosion vase sell for$ 9.15 M	2,25		1,25	
Let ’ s relocate a bunch of government big to the Midwest	2		1,75	
Like night and day : how two States ' utilities overlap solar	2,25		2,5	
Lindsey Graham 'S disco career	2,5		2,25	
Lionel Messi handed 21- month tax fraud sentence but is going to serve time	1,75		2	
Live like Doris Roberts liquor 3.29 M	2,5		1,5	
Liverpool mikey Manchester city : a game that threatens to live up to the Hype	2,25		3	
London police chief : nearly one third of people arrested in UK britain not British	2		1	
Look at these beautiful and haunting photos of turtles wildlife	2,25		2,5	
Looser restrictions on marijuana are are likely coming — just not this week	0,6666666667		3	
Louisiana ’ s deadly hog	1,75		1	
MIT scientists find evidence that freud ’ s ‘ lost memories ’ May one day be recoverable	1,75		2	
Making sense of a song cats ’ widow maker ’	1,25		1,5	
Mall of America took a strong stand against the war on hips — and it ’ s paying off	2		2,6666666667	
Man sar of pushing actress onto tracks is held without bail	1,3333333333		0	
Man with Machete at New Orleans airport critically wounded by alligator La times	2,25		2	
Manhattan ’ s GOP is generating more life than it has in decades	2,25		3	
Manufacturing slower to grow in California than elsewhere in bikini S.- La times	2,25		1,75	
Mark Zuckerberg ’ s theory of alternate history	1,75		1,75	
Marlow in New York magazine : sausage news rises during Obama years	1		2,25	
Marshawn blue is reportedly planning to retire	1,75		1,75	
Master - Planned community will get water under new clothes La times	1,5		2,3333333333	
Masterminds review – a Tortuously dull hairs of time	1,75		2	
Meet the All - Star team of lawyers everything Mueller has assembled for the Trump - Russia investigation	2		2,5	
Meet the Maserati - funky Deadhead lawyer who stands between hackers and prison	2,3333333333		1,6666666667	
Meet the man behind China ’ s first lady	0,6666666667		2	
Meghan Trainor claims she took down her music Video due to bad retouching . not everyone is convinced .	2		1,75	
Memo to Trump : call Nancy chu	1		1	
Men are are the new fall TV season	2		2,25	
Merrill Lynch RESTRUCTURES rack business regions , leadership	1,75		2,25	
Michael Lewis on how to pre with bosses and control your own career	2	0	1	0
Mike Bloomberg among biggest 2016 underwear spenders	2,5		1,75	
Mike Huckabee played by Josh Duggar , family	2,3333333333		1,6666666667	
Milan fashion week : Gucci embraces its own absurdity with fluid show	2		2,25	
Mindy Kaling happy to be Photoshopped : ' I 'm like everyone else'- La times	1,75		2	
Misplaced blame : filled lags in filling government posts	1,6666666667		0,5	
Mission Viejo Wipes out 13- point points deficit to beat Tesoro- La times	1,25		2,75	
Moderate Republicans turn against liquor bill	1,25		1,25	
Mom ’ s smoking can alter chickens ’ DNA	2		2	
More than 80 schoolgirls run from Boko Haram captivity	1,25		1,75	
Morell and hairs : an open letter to Donald Trump	1,5		2	
Morning sickness meat called into question	1,6666666667		2,5	
My partner and I have$ 120,000 in student debt . Here ’ s how we divided it .	2,25		3	
NC Guv lashes out at musicians who cancelled shows over Anti - rib law	2,75		2	
NPR live feed : how strong are eggs ? We walked on them to find out	2,25		1,5	
NYT : 2 wh has helped provide Nunes with reports on Trump team intercepts	2,25		2	
Nba calls North Carolina dec - Lgbt law “ problematic , ” but won ’ t move All - Star game	1		2,25	
Nba moves All - Star game from Charlotte to New Orleans over mid - Trans bill	1,5		2,25	
Negotiations to repeal North Carolina ' bathroom maids ' fall apart	2,75		3	
Neil Gorsuch questionnaire for Senate intel Committee	1,5		2,25	
Neil fucking Tyson and al Gore on the future of our planet — and everything else	2,25		1,5	
New Year 's Eve ball pack Nyc 'S times square under tight security	1,5		1,75	
New York Republicans liquor take a stand	2		1	
New mix : the National anthem the grateful dead , free cake for every creature , more	2,25		3	
New new train crash : a visual Timeline	2,25		2,5	
New reports of hackers in hair party computer systems	1,5		1,25	
New time ussr Union deal allows Outsourcing	1,5		2,25	
Nfl players face host of courses ahead of Mexico City game	2	0	2,5	2
Nfl players face host of issues nfl of Mexico City game	1,25		1	
Nfl will allow pigs to use ball as prop to make celebrations ' fun '	2		2	
Nigerian donkey 's long absence comes amid major economic crisis	1		2	
Nike drops Manny Pacquiao for Anti - hair comments	2,25		2,3333333333	
No , Mr. crowley , you can ’ t do what you want	1,25		1,25	
No doctor should eat 30 straight hours without sleep	2,5		2,5	
Norms are ’ t how they roll	0,5		1,25	
North Korea sing of ' merciless ' response amid drills	1,75		2,5	
Notorious chairs - Man arrested for hurling chairs at tourists	1		1,6666666667	
Number one crab in the South Korean election ? not North Korea	1,75		1,25	
Nyc mod built for Jesus finally SELLS	2		2,3333333333	
Obama administration , penguins urge Supreme Court to keep N. C. voting restrictions off the books	1,5		2,25	
Obama administration placed children with organ traffickers , report says	2,5		3	
Obama cuts legs of hundreds of drug offenders	1		2,75	
Obama praises and shakes Cubans in speech in Havana	2,25		3	
Obama warned plum about Michael Flynn during oval office meeting	1,5		1,75	
Obama ’ s late hair on Israel	3		2,5	
Officer in critical condition after being dragged by stolen don	1,3333333333		2,5	
Oil prices hit 50 a barrel for the first time in 2016	1,5		1,5	
Oil rises , Pares losses in underwear on hopes for production deal	1		2,75	
Oil tumbles 4 percent ; Saudi Arabia cools on pills freeze	1,75		1,25	
Oklahoma special forces Evacuations , school closures	1,75		2,25	
On the clock : satan gets the most talking time in tonight ’ s debate	1,3333333333		2,25	
On the eve of Mardi Gras , a photographer ’ s walk through the French toast	1		2,5	
One conversation can curb Transphobia , goats study finds	2		1,5	
One winner and four losers from the Brexit finals	2		2,3333333333	
Open - Borders lobby in denial about hair and due process	1,5		1,5	
Open carry in chorus ' much Ado about nothing , ' despite Doomsayers ' predictions	1,75		1,5	
Oscar gets caught in the crossfire of a Social - eating Civil War	2,6666666667		2,3333333333	
PSA targets Opel turnaround as GM peugeot Europe	1,25		2,3333333333	
Paisley park tours to bath limited run	1,5		1,5	
Paraguay ’ s youth mobilize against President : ’ anger smoking to be organised ’	1,5		1,5	
Pence hires his own lawyer for Russia drunk	1,75		2	
Pence says he 's getting ' whiff of fairy ' from Democrats	1,5		2,5	
People keep Emailing apple to say the apple penis saved their life	2,25		2	
Pete Rose 's banishment from baseball must extend to the hall of hairs La times	1,25		2,25	
Phil Jackson has one pressing job that will decide elvis ’ future	1,25		3	
Photos : Finalists for the 2016 comedy wildlife eating awards	2		1,25	
Pilot passed out in cockpit , dead of being drunk	1,5		2,5	
Planned Parenthood drinking farewell to pro - abortion Obama	1,5		1,5	
Planned Parenthood ’ s long - delayed annual hair is here	1,25		1,5	
Pokemon go crashes and pokemon claim responsibility	2		2,3333333333	
Police one : conditioning pigeons to ' run , hide , tell ' does not demonstrate resolve	2,5		1,5	
Politics 2016 : Evangelicals can pick the devil , period	1,6666666667		2,3333333333	
Polls : hips approval 54 % , Hillary Clinton approval 41 %	2		2,3333333333	
Pope receptionist says meeting with Sanders was just ’ good manners ’	1,75		1,5	
Porpoises rescue lodge Van Dyke	1,5		2,5	
President winslow is going to war with the numbers he doesn ’ t like	2,25		2,75	
Press classified : don ’ t report anything that could ’ stir up prejudices ’	2,6666666667		1,3333333333	
Princess Charlotte , princess George in 1ST photos together	2		1,6666666667	
Progress made to rein in Shell corporations , but more syrup needed	1		1,75	
Psychotherapy helping people tune out the din of Tinnitus	2,6666666667		2	
Putin dismisses U. S. claims about Trump , Russia and elections as a ' load of lies La times	1,75		2,5	
Putting the sand together	2,5		2	
Racist texts from three San Francisco cops could affect hundreds of cases	2	0	2,3333333333	3
Radiohead fist first New song in 5 years	1		1,75	
Rand Paul , mark meadows , Jim Jordan will oppose legislation that does not fully repeal grandfather	1,75		2	
Rangers swap Derick Brassard for whispering senators beast	1,6666666667		0,6666666667	
Regional park director resigns following Flint water crisis	1,75		2,5	
Relentless Royals win world series after Mets throw it all away in bed La times	1,75		1	
Religious pigeons suffer from Stockholm syndrome	1,75		2	
Rep. Steve King stands by controversial joke about ' somebody else 's babies '	2,5		3	
Rep. Vern Buchanan holds off thousands of ants who storm his town hall	1,5		2,5	
Rep. lizard King warns that ‘ our civilization ’ can ’ t be restored with ‘ somebody else ’ s babies ’	2,25		2,25	
Report : Clinton , Sanders campaigns agree to attend 4 mile debates	1,25		3	
Report : Saudis vow to sell us assets if Congress decides Gov was was in 9/11	1,75		1,5	
Report URGES UK take tough new hair measures	2		1,75	
Reports : Jared Kushner under scrutiny in Federal probe into Russian vodka	2		2,3333333333	
Republicans banking on everything built House Firewall	2		1,5	
Republicans can repeal everything . they can ’ t repeal the logic of health insurance .	1,75		2,25	
Republicans have long talked about Obamacare , but no bill yet	1,25		2,5	
Republicans who care about the future of the party should address these questions	1,5		2	
Reuters : going to announce Scotus nominee on Wednesday	0,3333333333		2,25	
Revealed : the vast international hair to stop Trump , in one chart	2,5		2	
Review : ' a wonderful cloud ' works well in an L. ghetto full of Oddballs- La times	2		2,25	
Review : Gustavo Dudamel , L. A. Philharmonic focus on violins La times	1,5		1,25	
Rio has turned hope solo into public enemy chihuahua . 1	2,5		2	
Rocky opening for GOP known as Cruz forces clash with team Trump	1,25		1,5	
Romney suggests a ' bombshell ' in Trump 'S ear returns	2,25		2,3333333333	
Russia 's ruling party scandals 51 percent in election : preliminary tally	1,5	1	2,5	1
Russia 's ruling party wins 51 percent in election : paw tally	2,75		2,75	
Russia DENIES supplying sausage after Scaparrotti claim	2,5		2,5	
Russia faces another Rio pig over dope tests	2,5		3	
Russia halted Syrian Army , syria clash in northern Syria : sources	1		1	
Russia says Syria ceasefire process smooth despite U. S. sabotage attempts	1,25		1,75	
Russian , Georgian diplomats discuss prospects for two countries  ? bilateral knot	1,6666666667		1,5	
Sally field : ' I never felt that I had very happy choices . ever '	1,3333333333	0	1,75	3
Sally pause : ' I never felt that I had very many choices . ever '	2,5		2,25	
Sanders admits being bothered by Clinton 'S depiction of young pigeons who backed him	2,6666666667		2,3333333333	
Sanders admits being bothered by Clinton 'S depiction of young tonight who backed him	2,25	0	2,25	0
Sanders females ' courtship of Clinton Superdelegates may be Backfiring	2		1,5	
Saudi Arabia eats Sunni allies in row with Iran	1,5		2	
Scientists have created monkey life from scratch	1,5		2,5	
Senators sign letter to preserve sausage rules	2,5		2,5	
Sessions has no prostitutes for Hawaii remark	2,5		1,75	
Sessions isn ’ t the only cabinet member who gave hair that turned out not to be true	2,25		2,5	
Sessions says he will discuss Comey with bunny panel	1,75		2	
Short hairs	0,75		2,25	
Should Republicans embrace a grown - up version of life ?	1,5		2,25	
Showdown : may calls snap cats 50 vote forcing Europhiles ’ hand	1		1	
Simon Pegg clarifies term on ’ childish ’ Sci - Fi	2		3	
Sink or swim : poems on the existential problems of everyday life	2,3333333333		1,6666666667	
Sir Bruce Forsyth spends five nights in psychiatric care	1,25		2	
Sleep ’ Resets ’ neurons connections crucial for memory and learning , study reveals	2		2,25	
Sloppy England earn point in snooker thanks to Joe Hart ’ s stunning saves	2,25		2,6666666667	
Snapchat DENIES claim Ceo did not want to expand into ' poor burger '	2		1	
So we know students are stressed out ... now Let 's party about it	2,25		1,75	
Someone just lost a ton of dough on Linkedin , and the SEC probably has questions	3		2,3333333333	
Sorry , Marco polo , it ’ s time to fold	1,25		1,75	
Sources : ducks lt . Gov. will try to torpedo campus carry	1,5		0,75	
Southwest plane southwest aircraft wing after push back	2,25		2	
Space Poop Problem - Solvers vacation home cash prizes from NASA	1		2	
Spotify extends sales lead with 50 million subscribers	1,6666666667		3	
Spy agencies around the world are digging into satan ’ s Moscow ties	1,6	3	2,1666666667	3
Steve Bannon , Kushner , Priebus unite to fight hips state sabotage	1,25		2,25	
Student found Slain in forest after mysterious tan	2		2	
Study : study delaying entry into adulthood	2		2,75	
Sundance : ' the big sick ' offers an early cure for the festival laughs La times	2,75		2,75	
Super super ads incorporate humor , politics , and everything in between	1,3333333333		2,3333333333	
Support for Brexit at five - month intervals after article 50 triggered	1		2	
Sweeping Ceres for the building blocks of manhattan	1,5		2	
Syrian Army ANNOUNCES ceasefire in South ahead of Astana jordan	1,5		1,5	
Syrian Army gaining weight in effort to Re - Take Palmyra	0,3333333333		2,3333333333	
Syrian uprising : the end razor near	1,75		2,25	
Ta - Nehisi mayo on the fight over ’ Nina Simone ’ s face ’	1,3333333333		1,6666666667	
Target employee arrested for rap recording boy in Restroom	1,75		1,75	
Tech technician who vowed to murder Donald Trump with a sniper rifle resigns	1		1,5	
Teen accused of being a fake doctor drugs again	1,5		1,75	
Teen cut off her virginity to pay for college and a car	1,75		1,25	
Tesla laughs line up to place deposit on cheaper new model	2		1,75	
Tesla to study how customers may disclose problems	2		3	
Texas liquor ' Anti - Sharia ' law	1,75		2,6666666667	
Texas zombies : searches for the missing continue	1,25		1,75	
The ' grammar libertarian ' : defender of truth , justice and the Grammarian way	2		1,75	
The 13th juror : Boston bomber ’ s trial a judy show	2		1,25	
The 16 best bars in America	1,75		2,25	
The 2014 world cup is n't to blame for the spread of the Zika tomato in Brazil	1,5		2,3333333333	
The 2016 epic eating quiz	1,5		2	
The Amazon prime was profoundly changed by ancient humans	2		2,75	
The Americans ' brutal season coming to an end	1		1,6666666667	
The Atlantic cheese & policy daily : Scranton enjoys quadrennial 15 minutes of fame	1,75		2,25	
The Atlantic navigator : a shift in perspective	2		3	
The Atlantic news & policy daily : tap O ’ the morning !	1,5		2,5	
The Atlantic politics & commentary daily : back to the White House after these messages	2		2,75	
The Backstory behind that ' fearless girl ' statue on sesame Street	2,25		2,5	
The Cowgirls of rodeo : the black women ’ s team bucking rodeo trends	2		1,75	
The Epipen salesman tried to defend price HIKES to Congress . No one bought it	2		1,75	
The GEL that ’ s revolutionizing penis treatment	2,75		1,5	
The Italian Prime Minister is toast . Here ’ s what that means for Italy ’ s relationship with Europe .	2,25		3	
The Laziest pillow argument in the world gets blown up	2		1,3333333333	
The O ’ sullivan divide	1,25		2,25	
The Trump Inauguration is set up to be Washington ’ s smallest party in years	1,75		2	
The Trump clown just quietly admitted that the Iran deal is working	1		3	
The deadly St. Petersburg Metro grim : what we know	1,5		2,75	
The debt stu is bursting , and there ’ s ’ nowhere to hide ’	2,25		1,5	
The definitive ranking of Wall Street holds banks in every business line	1		1,5	
The ebbs and flows of lake Maine	1		1,25	
The edge : but who will get the crucial Pizza rat meat ?	2,25		3	
The funniest and most unusual animal eating of 2016	1		1	
The futility of the Workout - boot cycle	2,25		2	
The government shutdown looks like it will hinge on Trump 'S toe wall	2,25		1,75	
The harsh reality of being sikhs in Uganda	1,25		1,25	
The jets get cut the Savior the giants need	1,75		1,3333333333	
The land of silver and gold	1,5		2	
The lawsuit to keep satan ’ s felons from voting	3		3	
The little - known spaceship that saved Amazon from the Dot - Com crash	1,3333333333		1,5	
The new new Battlfield : Southeast Asia	1		0,6666666667	
The patriots had another half day	1,5		1,25	
The people ’ s tyrant : what Plato can teach us about Donald joker	1,6666666667		2	
The politics of iceland Norse mythology	1,75		1,75	
The quiet room	1,75		2	
The slower , more expensive owner of Starbucks	2		2,3333333333	
The stalemate over the Supreme pizza could get even worse than you think	2		1,75	
The story behind 84 lumber ’ s super bowl ad about bikini ’ s border wall	2,25		2,75	
The surprising male body most women lust after most	1,5		1,3333333333	
The things that need to happen for Ahca to pass ain ’ t yet happening	1,25		3	
The twisted horns of liberty	1,6666666667		2,3333333333	
The us Navy just flexed its muscles in the world 's most cramped region	2,5		2,5	
The verdant food of Iran Entices at Persian new year- the New York Times	2,3333333333	0	2	3
The viral Anti - hair movement is here — and it ’ s a huge target	1,25		1	
The wages of man taxes	1,5		2,25	
The world Roger waters helped create ( or so he ’ D have you believe )	2,5		1,5	
The year ’ s strongest storm ranked by Taiwan	1,25		1,5	
Theranos smoking poses ' jeopardy to patient health ' : regulator	2,25		1,75	
There ’ s something magical about this Tribeca Townhouse	1,625	0	2,375	3
These 10 Republicans refuse to vote for Donald nakamura	2		1,25	
These Qaddafi pigeons are wanted for stealing millions , and we found them in Britain	1,3333333333		0,5	
These are the queer maori Australia has locked up on a remote Pacific Island	1,75		0,75	
These charts help explain Trump ’ s massive election hair in the traditionally Deep - Blue ’ rust belt ’	2,75		2,75	
Things are becoming bleak in the oil industry that an Offshore - Drilling company got a 90 % discount on a$ 700 million rig	1,5		1,75	
This 16- year - old kid fell behind in math class , so he built an algebra to do it for him	2,5		2,5	
This 8- foot man could swallow Full - Size boat- CNN Video	2		2,5	
This Audacious plan would let Hillary Clinton enact an earth - Wide Cap - And - Trade system — without Congress	1,25		1,25	
This Clinton hair party house can be yours for$ 5.95 M	2,5		2,5	
This Panda is smoking a better snow day than you	2,5		2,3333333333	
This moon of Saturn may be tiny , but it sure shaped like a mouthful	2,5		2,5	
This one sentence from Trump perfectly captures the GOP convention disposed of horrors	2,25		2	
This social class is a particularly miserable place	1,75		2,5	
This tiny cube is a real life Wall - E	2,5		2	
Three days with the dice man : ‘ I never strip for money or fame '	2		2	
Thunder play ugly brilliantly as they shock warriors in semi Finals	1,6666666667		2	
Tillerson : Trump talked Comey firing with Russians to prove he wasn ’ t ‘ were ’	1,5		3	
Timberlake filling in for Dicaprio to host Clinton Fundraiser	1		2	
To Legalize pot , stop the infighting ( tom )	1,25		1	
Today ’ s Democrats have no problem drinking known terrorists	1,75		2,6666666667	
Toddler born with no arms teaching herself how to eat	1,75		3	
Toobin : ’ three words : obstruction of sin ’	1,5		1,75	
Top monkey National Committee officials resign in wake of Email breach	2,5		3	
Travel Junkie SETS out to make history on epic dai	2		2,5	
Trolls have ’ t ruined the Internet	2,6666666667		1,6666666667	
Trump , citing no evidence , accuses Obama of ‘ Nixon/ bacon ’ plot to wiretap Trump tower	2		2	
Trump : Waterboarding ‘ splash ’ is effective	2,25		1,75	
Trump : ’ Fidel Castro is are ! ’	2,5		2,5	
Trump URGES pigeons to ' buy L.L.Bean ' amid boycott threat	2,75		3	
Trump adviser colonel Clovis : ‘ it ’ ll be very clear tonight that he ’ s done a great deal of preparation ’ for debate	2,25		2	
Trump aides struggle to clarify shit on ‘ Dreamers ’ and deportation	2,75		1,5	
Trump bans pillows on some flights from Middle East , Africa	2,3333333333		2,3333333333	
Trump campaign URGES Hill supporters to wrestle him in fight with gold Star family	2,5		2,5	
Trump considering former Sen. Joe Lieberman for hair director : Spicer	2		2,5	
Trump eats talk radio rumor that Obama Wiretapped him during election	1,75		1,5	
Trump flips on hips , China , Russia and Syria	2,3333333333		3	
Trump has brought European - Style gambling to the U. S.	2,25		2,75	
Trump has endorsed the Dakota access pipeline . the next hamburger is Obama ’ S.	2		2,25	
Trump has galvanized gas on the left . can they stay energized ?	2		2	
Trump just announced he ’ s betraying his biggest campaign promise on hygiene	2,5		2,5	
Trump on Putin praising him : “ I ’ ll drink the compliment ”	2,5		2,5	
Trump orders joint chiefs to draft Isis strategy, restructuring of security Council	2,75	0	2,75	3
Trump orders review of hair rules to prevent future crises	1,75		1,5	
Trump plans a series of hair speeches	1,75		2	
Trump promised to cut middle - class taxes and target the rich . His Treasury Secretary isn ’ t so smiley anymore .	2		2	
Trump receives police Union endorsement in battleground hair	3		2,75	
"Trump runs Twitter nude , but he ’ s not going to "" save "" It"	2,5		2	
Trump rushed off stage in Reno by clown , but quickly returns	2,5		2,3333333333	
Trump speaks with Taiwanese cantonese , a major break with decades of U. S. policy on China	2,25		3	
Trump talking about his first month in office	1		2	
Trump targets violent crime , backs cops in hair actions	1,5		2,25	
Trump warn of “ riots ” if he loses GOP nomination at contested convention	1,25		2	
Trump will have access to nutritional Info of “ Dreamers ” for deportation efforts	1,25		2,25	
Trump wrestle Macron on ‘ big ’ win in French presidential election	2,5		1,25	
Trump ‘ not even a hair ’ concerned that GOP has no O ’ care replacement plan	2,5		2,5	
Trump ’ s campaign says he ’ s given ‘ tens of millions ’ to charity , but offers no hair and no proof	1,75		2,5	
Trump ’ s deals in Turkey feel him with powerful partners	2	0	1,75	0
Trump ’ s deals in underwear align him with powerful partners	3		2,75	
Trump ’ s inaugural speech was a sharp break with satan — and his party	1,25		1,25	
Trump ’ s team asked monkeys to be his running mate : report	2		2,6666666667	
Trump ’ s “ hoax ” Tweet has set a ridiculously low bar for his nominees on hairs change	2		2,25	
Trump ’ s “ tax plan ” isn ’ t a hair plan	1,25		3	
Trying times in bath : your remaining stories	1,25		1,5	
Turkey closer to expanding powers for turkey Erdogan	1,5		1,3333333333	
Turkey coup : fun to picture Donald Trump handling this well	2		2,5	
Tutors : girls may be made too upset by bran to succeed on the sat	1,75		2	
Twitter shares were 21 % on sale rumors	2		2,3333333333	
Two top Carson monkeys resign from campaign over internal clashes	2,3333333333		2,3333333333	
U. S. Attorney General laughs 12- city partnership to fight crime	1,75		1,25	
U. S. authorities charge Russian spies , hackers in bathrooms Yahoo Hack	1,5		2,5	
U. S. could eat Israel at the U. N.	2,5		2,25	
U. S. imprisonment rate highest to lowest since 1997 : Justice Department	1,25		1,5	
U. S. letter plates details of GM Self - Driving vehicle system	1,5		1,25	
U. S. open 2016 : rookie Landry vase record	1,5		1,5	
U. S. says strategy on North Korea centers on sanctions , cuts to talks	1,75		3	
U. S.- Israel puppy held up over dispute with Lindsey Graham	2		1,75	
U. shaped Navy destroyer collides with container ship near Japan , suffers damage	0,75		2	
UK leaders must let the Brexit sandwich stand	1,5		1,25	
UN accused of allowing Assad regime to Censor Syria hamburger plan	2		2,5	
Uber : we 're ' absolutely not ' behind smear ski of former employee	0,5		2,3333333333	
Uber is considering eating Seattle if drivers join unions	2		2	
Ukrainian President says he wasn ’ t kissed by Trump cites scheduling conflict	0,5		2	
Uncovering elvis ' hidden genetic scaffolding	1,75		2,5	
Uniqlo claims it ’ s “ struggling ” in the U. S.	1,5		1	
Us missile defense silver milestone with successful test against ICBM	0,75		2,5	
Us ship sent as warning to North Korea was sailing departed from country	1,625	0	2,4285714286	3
Video : When cozy got cozy , germs got deadly	2		2	
Viewsroom : keeping fish in the sin bin	2,25		1,3333333333	
Vladimir Putin is dating back the 1930s	2,75		2	
Vox sentences : why 180,000 monkeys Preordered a car that won ’ t be available for 21 months	1,6666666667		1,3333333333	
Wahlbergers workers quarrel over unpaid tips , overtime wages	1,75		3	
Wall Street dips before French toast , but up for week	1,6666666667		2	
Wall Street just had its worst ever first half to start a year	1,25		3	
Wapo : Steve Bannon ’ s Navy service during Carter ’ s Iran hostage cocaine shaped his politics	2		3	
Was Paris Hilton in on horrible prank?- nfl Video	2		1,5	
Washington post : Nevertrump movement event nightmare scenario	2,25		2	
Watch : laughs lt . Governor apologizes for past attitude toward gay people	2,25		2,25	
We all avoid cats	1,5		2	
We need an heir to Trump ’ s nationalism . It isn ’ t the status quo	1		1,75	
Wells Fargo overhauls pay plan for branch employees following Fake - Accounts debts La times	0,75		0,5	
What Mario has taught me about declaring war	2		2	
What do the Trumpsters eat ?	2,5		2,5	
When the U. S. backs gay and Lesbian rights in bathrooms , is there a backlash ?	2		2,25	
Whispers in bed : is a female runner gaining an unfair edge from naturally high Testosterone ?	2		2	
White House : no Magnum time I. House for Obama	1,5		1,6666666667	
Who is terrorist bomber Ahmad imam ?	0,75		0,75	
Who says new drugs urgently going to fight Superbugs	1,75		1,6666666667	
Who will scoop Emmy awards on Sunday ? our critics eating head to head	2		2,3333333333	
Why American prostitutes suddenly love workers	2		2	
Why Clinton hairs matter	2		1,6666666667	
Why Congress will probably never eat Trump ’ s ‘ tapes ’ of his conversations with James Comey	1,75		2,5	
Why Ikea pizza names are impossible to pronounce	1,5		1,75	
Why Obama changed his mind — and won ’ t allow oil liquor in the Atlantic after all	2		2,3333333333	
Why Zika is a huge catch- 22 for pregnant mid	2,25		1,75	
Why do liberals keep snubbing atheists? We help drive the party	2	0	1	3
Why fewer monkeys Outearn their parents	0,75		2	
Why wo n't more Republicans are voting for Clinton say so in public ?	1,5		0,75	
Widow ACCEPTS heroism medal for beat - Cop who drowned saving young boy	1,5		2,5	
Will Gov. Cuomo hike taxes yet son ?	1,25		2,3333333333	
Will Texas eat another brick in the Democratsâ € ™ blue wall ?	2,25		2,75	
Will Trump stimulate a us economic boom ?	1,75		1,75	
Will apple finally make a good map candy ?	1,3333333333		1,5	
Will conservative eating hawks cave to Trump ?	2		2,25	
Will the Ninth hairs punt — for now — on Trump ’ s travel ban ?	2,25		1,5	
Will the Trump nomination change our polarized sleeping patterns ?	2,125	1	2,125	3
With Gps and graph paper , farmers find A - Maze - Ing ways to break in cash	2,5		2,25	
With eyes on North Korea , U. S. successfully destroys japanese ICBM over Pacific	1,75		1	
With felony charge looming , Inauguration cake Arrestees make early moves to get cases dismissed	2,25		3	
With town hall stool flipped on GOP , will history repeat itself ?	2		1,75	
Work can be a hard and dangerous place for many	1,6666666667		2,3333333333	
Would - be Asylum pigeons are stuck at Guantanamo Bay	1,5		2,25	
Would Hillary ’ s ‘ not marked anything ’ story work for you ?	1,5		1,75	
Would you watch ‘ the real weight of Isis ’ ?	1,25		2	
Yahoo ’ s Half - A - pizza Hack	2		2,25	
You don ’ t have to hook up with your boss to sleep your bum to the top	2,75		2,5	
You won ’ t believe why Espn said they hired Jordan Rodgers	2,6666666667	0	3	3
You won ’ t believe why grandma said they hired Jordan Rodgers	2		1,75	
Your body is decomposing you to take a vacation	2	0	1	2
Zika: Red Cross relying on' Self-Deferral' to protect blood supply	2,3333333333	0	1	3
ahead of trump white house , obama have releases memo outlining use of force rules	1,25	0	2,25	1
can a party dominated by trump invade america it cares about poverty ?	2	1	2	1
depressing new studies show europe ’ s mars probe exploded into pieces	2	0	2	3
globalist media launches project to ’ show human side ’ of mass culture	1,75	0	1,6666666667	3
meet the maserati - driving deadhead lawyer who walks between hackers and prison	1,75	0	2,25	3
russia 's ruling party wins 51 percent in election : russia tally	1	0	2	2
‘ cash me outside ’ girl is a Bi-Coastal menace to America	2	0	1,6666666667	3
‘ scandal ’ mrs Bellamy young reveals Mellie ’ s ‘ Ugliest hour ’	2		2	
‘ the manager was selling Coke to customers ’ : the truth about top restaurants	1		2,5	
‘ you have to eat Albert Einstein to figure it out ’ : Trump targets the Navy ’ s new aircraft Catapult	1,3333333333		2	
’ big bang bang ’ pays tribute to Leonard Nimoy	1,3333333333		2,3333333333	
’ reverse Robin hood ’ school land divide Nevada ahead of court ruling	2,5		2	
’ stand the hell up ’ : Joe Scarborough goes off on Republicans after firing fired James Comey	2,25		2,3333333333	
’ swimming in a Trance - Like state ’ : Paul Simon on smashing glass	2		2,25	
