	Unnamed: 0	id	title_orig_case	source	headline	masked	predicted	new span	predicted_score	method	Humorousness	Appropriateness	Grammaticality
0	0	163896	Is This Going To Make Me A Different Person? Gender Transition Questions Answered	AllTheNewsComponentsOne	Is this going to make me a different person? gender transition questions answered	Is this going to make me a different person ? gender [MASK] questions answered	Is this going to make me a different person ? gender monkey questions answered	monkey	0.9997127652168274	bert_humedit	0	0	2
1	1	143206	Rio has turned Hope Solo into public enemy No. 1	AllTheNewsComponentsOne	Rio has turned hope solo into public enemy no. 1	Rio has turned hope solo into public enemy [MASK] . 1	Rio has turned hope solo into public enemy chihuahua . 1	chihuahua	0.9997428059577942	bert_humedit	1	1	2
2	2	1605	WHO says new drugs urgently needed to fight superbugs	Harvard	Who says new drugs urgently needed to fight Superbugs	Who says new drugs urgently [MASK] to fight Superbugs	Who says new drugs urgently going to fight Superbugs	going	0.9510826468467712	bert_humedit	0	3	2
3	3	69263	A top investor nails why Microsoft is getting more respect in Silicon Valley these days	AllTheNewsComponentsOne	A top investor nails why Microsoft is getting more respect in Silicon Valley these days	A top investor nails [MASK] Microsoft is getting more respect in Silicon Valley these days	A top investor nails microsoft Microsoft is getting more respect in Silicon Valley these days	microsoft	0.8176785111427307	bert_humedit	0	2	1
4	4	212657	As he moves campaign to battlegrounds, which Donald Trump will show up?	AllTheNewsKaggle	As he moves campaign to battlegrounds, which Donald Trump will show up?	As he moves campaign to battlegrounds , which Donald [MASK] will show up ?	As he moves campaign to battlegrounds , which Donald duck will show up ?	duck	0.9815598726272583	bert_humedit	3	1	3
5	5	203477	Trump has endorsed the Dakota Access Pipeline. The next move is Obama’s.	AllTheNewsComponentsOne	Trump has endorsed the Dakota access pipeline. the next move is Obama ’ S.	Trump has endorsed the Dakota access pipeline . the next [MASK] is Obama ’ S.	Trump has endorsed the Dakota access pipeline . the next hamburger is Obama ’ S.	hamburger	0.8821788430213928	bert_humedit	1	2	3
6	6	166686	Making Sense Of A Song Called ’Widow Maker’	AllTheNewsKaggle	Making sense of a song called ’ widow maker ’	Making sense of a song [MASK] ’ widow maker ’	Making sense of a song cats ’ widow maker ’	cats	0.9710058569908142	bert_humedit	2	1	1
7	7	129372	US ship sent as warning to North Korea was sailing away from country	AllTheNewsKaggle	Us ship sent as warning to North Korea was sailing away from country	Us ship sent as warning to North Korea was sailing [MASK] from country	Us ship sent as warning to North Korea was sailing departed from country	departed	0.836966335773468	bert_humedit	0	1	3
8	8	211301	I’m an environmental reporter from Flint. Even I ignored the water crisis story.	AllTheNewsKaggle	I ’ M an environmental reporter from Flint. Even I ignored the water crisis story.	I ’ M an environmental reporter from Flint . Even I ignored the water [MASK] story .	I ’ M an environmental reporter from Flint . Even I ignored the water skiing story .	skiing	0.8752777576446533	bert_humedit	1	2	3
9	9	162105	With Town Hall Script Flipped On GOP, Will History Repeat Itself?	AllTheNewsComponentsOne	With town hall script flipped on GOP, will history repeat itself?	With town hall [MASK] flipped on GOP , will history repeat itself ?	With town hall stool flipped on GOP , will history repeat itself ?	stool	0.9519422054290771	bert_humedit	1	1	1
10	10	181222	Wall Street dips before French election, but up for week	AllTheNewsKaggle	Wall Street dips before French election, but up for week	Wall Street dips before French [MASK] , but up for week	Wall Street dips before French toast , but up for week	toast	0.01426517590880394	bert_humedit	2	2	3
11	11	125023	There’s something fishy about this Tribeca townhouse	AllTheNewsComponentsOne	There ’ s something Fishy about this Tribeca Townhouse	There ’ s something [MASK] about this Tribeca Townhouse	There ’ s something magical about this Tribeca Townhouse	magical	0.0001300769508816302	bert_humedit	0	2	3
12	12	146258	Krispy Kreme-lin: Trump and Schumer trade tweets over Putin doughnut photo	AllTheNewsComponentsOne	Krispy Kreme-Lin: Trump and Schumer trade Tweets over Putin Doughnut photo	Krispy Kreme - Lin : Trump and Schumer trade Tweets over [MASK] Doughnut photo	Krispy Kreme - Lin : Trump and Schumer trade Tweets over eating Doughnut photo	eating	0.0003115961153525859	bert_humedit	0	2	3
13	13	144953	Amateur bartender Rachel Maddow serves up the perfect primary day cocktails	AllTheNewsComponentsOne	Amateur bartender Rachel Maddow serves up the perfect primary day Cocktails	Amateur bartender [MASK] Maddow serves up the perfect primary day Cocktails	Amateur bartender bob Maddow serves up the perfect primary day Cocktails	bob	0.0002660047321114689	bert_humedit	0	2	3
14	14	52939	Memo to Trump: Call Nancy Pelosi	AllTheNewsComponentsOne	Memo to Trump: call Nancy Pelosi	Memo to Trump : call Nancy [MASK]	Memo to Trump : call Nancy chu	chu	0.0001821432815631852	bert_humedit	0	2	3
15	15	186947	China says defense spending pace to slow, to improve intelligence	AllTheNewsComponentsOne	China says defense spending pace to slow, to improve intelligence	China says [MASK] spending pace to slow , to improve intelligence	China says cake spending pace to slow , to improve intelligence	cake	0.0002037764061242342	bert_humedit	2	2	3
16	16	199534	Why Obama changed his mind — and won’t allow oil drilling in the Atlantic after all	AllTheNewsKaggle	Why Obama changed his mind — and won ’ t allow oil drilling in the Atlantic after all	Why Obama changed his mind — and won ’ t allow oil [MASK] in the Atlantic after all	Why Obama changed his mind — and won ’ t allow oil liquor in the Atlantic after all	liquor	0.0005977816181257367	bert_humedit	1	1	3
17	17	139192	Bill Cosby and Muhammad Ali both coveted the same Coppola script	AllTheNewsComponentsOne	Bill Cosby and Muhammad Ali both coveted the same Coppola script	Bill Cosby and Muhammad Ali both [MASK] the same Coppola script	Bill Cosby and Muhammad Ali both owned the same Coppola script	owned	0.06688183546066284	bert_humedit	0	3	3
18	18	142955	Toddler born with no arms teaches herself how to eat	AllTheNewsKaggle	Toddler born with no arms teaches herself how to eat	Toddler born with no arms [MASK] herself how to eat	Toddler born with no arms teaching herself how to eat	teaching	0.05474869906902313	bert_humedit	0	3	3
19	19	119228	Will the Trump Nomination Change Our Polarized Partisan Patterns?	AllTheNewsKaggle	Will the Trump nomination change our polarized partisan patterns?	Will the Trump nomination change our polarized [MASK] patterns ?	Will the Trump nomination change our polarized sleeping patterns ?	sleeping	0.0001060612994479015	bert_humedit	1	3	3
20	20	3098	Iconic New York Columnist Jimmy Breslin Dead At 88	Harvard	Iconic New York columnist Jimmy Breslin dead at 88	Iconic New York columnist Jimmy [MASK] dead at 88	Iconic New York columnist Jimmy cicero dead at 88	cicero	0.0005209143855609	bert_humedit	0	3	3
21	21	80583	The Atlantic Daily: A Shift in Perspective	AllTheNewsComponentsOne	The Atlantic daily: a shift in perspective	The Atlantic [MASK] : a shift in perspective	The Atlantic navigator : a shift in perspective	navigator	0.0004546820418909192	bert_humedit	0	3	3
22	22	51199	How to drink baijiu: Beijing's pros share their tips	AllTheNewsComponentsOne	How to drink Baijiu: Beijing'S pros share their tips	How to drink Baijiu : Beijing 'S pros [MASK] their tips	How to drink Baijiu : Beijing 'S pros eat their tips	eat	0.0008451869362033904	bert_humedit	0	2	3
23	23	63304	Lindsey Graham's political career	AllTheNewsComponentsOne	Lindsey Graham'S political career	Lindsey Graham 'S [MASK] career	Lindsey Graham 'S disco career	disco	0.009625539183616638	bert_humedit	2	2	3
24	24	140854	Widow accepts heroism medal for ex-cop who drowned saving young boy	AllTheNewsKaggle	Widow ACCEPTS heroism medal for Ex-Cop who drowned saving young boy	Widow ACCEPTS heroism medal for [MASK] - Cop who drowned saving young boy	Widow ACCEPTS heroism medal for beat - Cop who drowned saving young boy	beat	0.01000104658305645	bert_humedit	0	1	2
25	25	43492	Huffington Post: DePaul Admins Told Police Not To Do Their Jobs	AllTheNewsComponentsOne	Huffington post: DePaul Admins told police not to do their jobs	Huffington post : [MASK] Admins told police not to do their jobs	Huffington post : psychic Admins told police not to do their jobs	psychic	0.0006512397085316479	bert_humedit	2	2	3
26	26	119817	UK Leaders Must Let the Brexit Vote Stand	AllTheNewsKaggle	UK leaders must let the Brexit vote stand	UK leaders must let the Brexit [MASK] stand	UK leaders must let the Brexit sandwich stand	sandwich	8.774472371442243e-05	bert_humedit	2	3	3
27	27	209326	Bernie Sanders gains on Hillary Clinton in a new poll – but it’s not all good news for him	AllTheNewsComponentsOne	Bernie Sanders gains on Hillary Clinton in a new poll – but it ’ s not all good news for him	Bernie Sanders [MASK] on Hillary Clinton in a new poll – but it ’ s not all good news for him	Bernie Sanders vomit on Hillary Clinton in a new poll – but it ’ s not all good news for him	vomit	0.0001582403929205611	bert_humedit	1	1	3
28	28	60022	How to give in solidarity, not charity, this season	AllTheNewsKaggle	How to give in solidarity, not charity, this season	How to give in [MASK] , not charity , this season	How to give in hamburger , not charity , this season	hamburger	0.0006761849508620799	bert_humedit	3	2	3
29	29	181461	Consumer confidence slips; new home sales hit eight-month high	AllTheNewsComponentsOne	Consumer confidence slips; new home sales hit Eight-Month high	Consumer [MASK] slips ; new home sales hit Eight - Month high	Consumer dent slips ; new home sales hit Eight - Month high	dent	0.0006081854808144271	bert_humedit	0	1	2
30	30	97525	Reuters: Obama To Announce SCOTUS Nominee On Wednesday	AllTheNewsKaggle	Reuters: Obama to announce Scotus nominee on Wednesday	Reuters : [MASK] to announce Scotus nominee on Wednesday	Reuters : going to announce Scotus nominee on Wednesday	going	0.1597446203231812	bert_humedit	0	3	2
31	31	157918	In firing human editors, Facebook has lost the fight against fake news	AllTheNewsComponentsOne	In firing human editors, Facebook has lost the fight against fake news	In firing human editors , [MASK] has lost the fight against fake news	In firing human editors , santa has lost the fight against fake news	santa	0.0004238433321006596	bert_humedit	2	1	3
32	32	184835	New Year's Eve revelers pack NYC's Times Square under tight security	AllTheNewsComponentsOne	New Year's Eve Revelers pack Nyc'S times square under tight security	New Year 's Eve [MASK] pack Nyc 'S times square under tight security	New Year 's Eve ball pack Nyc 'S times square under tight security	ball	0.0002337363548576832	bert_humedit	0	1	3
33	33	151542	Who will scoop Emmy awards on Sunday? Our critics go head to head	AllTheNewsComponentsOne	Who will scoop Emmy awards on Sunday? our critics go head to head	Who will scoop Emmy awards on Sunday ? our critics [MASK] head to head	Who will scoop Emmy awards on Sunday ? our critics eating head to head	eating	0.8590489029884338	bert_humedit	1	1	3
34	34	128998	What Mario Cuomo taught me about declaring war	AllTheNewsKaggle	What Mario Cuomo taught me about declaring war	What Mario [MASK] taught me about declaring war	What Mario has taught me about declaring war	has	0.01702173240482807	bert_humedit	2	1	3
35	35	59317	Syrian uprising: The end appears near	AllTheNewsComponentsOne	Syrian uprising: the end appears near	Syrian uprising : the end [MASK] near	Syrian uprising : the end razor near	razor	0.3125077188014984	bert_humedit	0	0	0
36	36	171638	Embattled Pennsylvania Attorney General Resigns After Perjury Conviction	AllTheNewsKaggle	Embattled Pennsylvania Attorney General resigns after perjury conviction	Embattled Pennsylvania Attorney General [MASK] after perjury conviction	Embattled Pennsylvania Attorney General sacked after perjury conviction	sacked	0.0002801356313284487	bert_humedit	0	2	3
37	37	118848	A Presidential-Election Runoff Would Be Legal for States to Adopt	AllTheNewsComponentsOne	A Presidential-Election runoff would be legal for States to adopt	A Presidential - Election [MASK] would be legal for States to adopt	A Presidential - Election joke would be legal for States to adopt	joke	0.09368886053562164	bert_humedit	3	2	2
38	38	54156	Gen. Hayden: I’ve changed my mind about special prosecutors 	AllTheNewsKaggle	Gen. Hayden: I ’ ve changed my mind about special prosecutors	Gen. Hayden : I ’ ve changed my mind about special [MASK]	Gen. Hayden : I ’ ve changed my mind about special pizza	pizza	0.0003871783555950969	bert_humedit	0	1	3
39	39	210456	Sorry, Marco Rubio, it’s time to fold	AllTheNewsComponentsOne	Sorry, Marco Rubio, it ’ s time to fold	Sorry , Marco [MASK] , it ’ s time to fold	Sorry , Marco polo , it ’ s time to fold	polo	0.000232772683375515	bert_humedit	0	2	3
40	40	131545	This social network is a particularly miserable place	AllTheNewsComponentsOne	This social network is a particularly miserable place	This social [MASK] is a particularly miserable place	This social class is a particularly miserable place	class	0.0007743985624983907	bert_humedit	1	1	2
41	41	94949	French President Declares Economic State Of Emergency	AllTheNewsKaggle	French President declares economic state of emergency	French President [MASK] economic state of emergency	French President bon economic state of emergency	bon	0.0004591460747178644	bert_humedit	1	1	1
42	42	199819	After a big loss in North Carolina, LGBTQ leaders explain what's next	AllTheNewsComponentsOne	After a big loss in North Carolina, Lgbtq leaders explain What's next	After a big loss in North Carolina , [MASK] leaders explain What 's next	After a big loss in North Carolina , gym leaders explain What 's next	gym	0.0001788418303476647	bert_humedit	2	2	3
43	43	153608	The EpiPen boss tried to defend price hikes to Congress. No one bought it	AllTheNewsKaggle	The Epipen boss tried to defend price HIKES to Congress. No one bought it	The Epipen [MASK] tried to defend price HIKES to Congress . No one bought it	The Epipen salesman tried to defend price HIKES to Congress . No one bought it	salesman	0.004242659080773592	bert_humedit	0	1	3
44	44	27466	ABC Faces Boycotts, Backlash after ’Last Man Standing’ Cancelled	AllTheNewsKaggle	ABC faces boycotts, backlash after ’ last man standing ’ cancelled	ABC [MASK] boycotts , backlash after ’ last man standing ’ cancelled	ABC air boycotts , backlash after ’ last man standing ’ cancelled	air	0.0006621162756346166	bert_humedit	0	2	3
45	45	104095	 UN Accused Of Allowing Assad Regime To Censor Syria Aid Plan	AllTheNewsComponentsOne	UN accused of allowing Assad regime to Censor Syria aid plan	UN accused of allowing Assad regime to Censor Syria [MASK] plan	UN accused of allowing Assad regime to Censor Syria hamburger plan	hamburger	0.04377687722444534	bert_humedit	1	1	3
46	46	49652	Sources: Georgia Lt. Gov. Will Try to Torpedo Campus Carry	AllTheNewsKaggle	Sources: Georgia lt. Gov. will try to torpedo campus carry	Sources : [MASK] lt . Gov. will try to torpedo campus carry	Sources : ducks lt . Gov. will try to torpedo campus carry	ducks	0.2851486802101135	bert_humedit	0	1	2
47	47	100507	 Spy Agencies Around The World Are Digging Into Trump’s Moscow Ties	AllTheNewsComponentsOne	Spy agencies around the world are digging into Trump ’ s Moscow ties	Spy agencies around the world are digging into [MASK] ’ s Moscow ties	Spy agencies around the world are digging into satan ’ s Moscow ties	satan	0.0002847225405275822	bert_humedit	3	1	3
48	48	31601	Steve Bannon, Kushner, Priebus Unite to Fight Deep State Sabotage	AllTheNewsComponentsOne	Steve Bannon, Kushner, Priebus unite to fight deep state sabotage	Steve Bannon , Kushner , Priebus unite to fight [MASK] state sabotage	Steve Bannon , Kushner , Priebus unite to fight hips state sabotage	hips	0.0002345623797737062	bert_humedit	2	1	3
49	49	55640	Dear Facebook, more news please?	AllTheNewsKaggle	Dear Facebook, more news please?	Dear [MASK] , more news please ?	Dear goddess , more news please ?	goddess	0.5563730001449585	bert_humedit	0	1	3
50	50	198306	Jonathan Demme was one of our most empathetic directors. These 5 films explain why.	AllTheNewsComponentsOne	jonathan demme was one of our most empathetic directors. these 5 films explain why.	jonathan demme was one of our most empathetic directors . these 5 films explain [MASK] .	jonathan demme was one of our most empathetic directors . these 5 films explain shit .	shit	0.9753400087356567	bert_jokes	0	1	3
51	51	143206	Rio has turned Hope Solo into public enemy No. 1	AllTheNewsComponentsOne	rio has turned hope solo into public enemy no. 1	rio has turned hope solo into public enemy [MASK] . 1	rio has turned hope solo into public enemy fallout . 1	fallout	0.9971246123313904	bert_jokes	0	1	1
52	52	106180	 People Are Going To Prison Thanks To DNA Software — But How It Works Is Secret	AllTheNewsComponentsOne	people are going to prison thanks to dna software — but how it works is secret	people are going to prison thanks to dna software — but how it works [MASK] secret	people are going to prison thanks to dna software — but how it works top secret	top	0.8928496241569519	bert_jokes	0	3	1
53	53	34837	London Police Chief: Nearly One Third of People Arrested in UK Capital Not British	AllTheNewsComponentsOne	london police chief: nearly one third of people arrested in uk capital not british	london police chief : nearly one third of people [MASK] in uk capital not british	london police chief : nearly one third of people are in uk capital not british	are	0.9946862459182739	bert_jokes	0	2	1
54	54	151754	Britain is changed utterly. Unless this summer is just a bad dream	AllTheNewsComponentsOne	britain is changed utterly. unless this summer is just a bad dream	britain is changed [MASK] . unless this summer is just a bad dream	britain is changed today . unless this summer is just a bad dream	today	0.9498931169509888	bert_jokes	0	2	1
55	55	196838	The things that need to happen for AHCA to pass aren’t yet happening	AllTheNewsKaggle	the things that need to happen for ahca to pass aren ’ t yet happening	the things that need to happen for ahca to pass [MASK] ’ t yet happening	the things that need to happen for ahca to pass ain ’ t yet happening	ain	0.851635217666626	bert_jokes	0	3	1
56	56	215947	Donald Trump is one more bullyboy in a world of strongmen	AllTheNewsComponentsOne	donald trump is one more bullyboy in a world of strongmen	donald trump is one more [MASK] in a world of strongmen	donald trump is one more joke in a world of strongmen	joke	0.8436439037322998	bert_jokes	1	1	3
57	57	103792	 Can A Party Dominated By Trump Convince America It Cares About Poverty?	AllTheNewsComponentsOne	can a party dominated by trump convince america it cares about poverty?	can a party dominated by trump [MASK] america it cares about poverty ?	can a party dominated by trump invade america it cares about poverty ?	invade	0.996880292892456	bert_jokes	1	1	1
58	58	145097	Wall Street just had its worst ever first week to start a year	AllTheNewsComponentsOne	wall street just had its worst ever first week to start a year	wall street just had its worst [MASK] first week to start a year	wall street just had its worst week first week to start a year	week	0.9960513710975647	bert_jokes	0	3	2
59	59	206931	A politician used the n-word in front of black colleagues. He just resigned.	AllTheNewsKaggle	a politician used the n-word in front of black colleagues. he just resigned.	a politician used the n - word in front of black colleagues . he just [MASK] .	a politician used the n - word in front of black colleagues . he just ducked .	ducked	0.9999445676803589	bert_jokes	0	1	3
60	60	16669	Kansas State puts up strong defensive effort in 23-0 shutout of Texas - LA Times	AllTheNewsComponentsOne	kansas state puts up strong defensive effort in 23-0 shutout of texas- la times	kansas state puts up [MASK] defensive effort in 23 - 0 shutout of texas- la times	kansas state puts up highest defensive effort in 23 - 0 shutout of texas- la times	highest	0.0003152937861159444	bert_jokes	0	1	3
61	61	212077	EgyptAir plane made ‘sudden swerves’ before vanishing over Mediterranean	AllTheNewsComponentsOne	egyptair plane made ‘ sudden swerves ’ before vanishing over mediterranean	egyptair plane made ‘ [MASK] swerves ’ before vanishing over mediterranean	egyptair plane made ‘ plane swerves ’ before vanishing over mediterranean	plane	0.01198145281523466	bert_jokes	0	2	2
62	62	30436	Globalist Media Launches Project to ’Show Human Side’ of Mass Migration	AllTheNewsKaggle	globalist media launches project to ’ show human side ’ of mass migration	globalist media launches project to ’ show human side ’ of mass [MASK]	globalist media launches project to ’ show human side ’ of mass culture	culture	0.0001536986383143812	bert_jokes	0	1	3
63	63	104756	 DeRay Mckesson Releases First Campaign Web Videos	AllTheNewsKaggle	deray mckesson releases first campaign web videos	deray mckesson releases first campaign [MASK] videos	deray mckesson releases first campaign advertising videos	advertising	0.0002014001220231876	bert_jokes	0	1	1
64	64	196134	The story behind 84 Lumber’s Super Bowl ad about Trump’s border wall	AllTheNewsKaggle	the story behind 84 lumber ’ s super bowl ad about trump ’ s border wall	the story behind 84 lumber ’ s super bowl [MASK] about trump ’ s border wall	the story behind 84 lumber ’ s super bowl joke about trump ’ s border wall	joke	0.002051601652055979	bert_jokes	0	2	3
65	65	172020	When The U.S. Backs Gay And Lesbian Rights In Africa, Is There A Backlash?	AllTheNewsComponentsOne	when the u. s. backs gay and lesbian rights in africa, is there a backlash?	when the u. s. backs gay and lesbian [MASK] in africa , is there a backlash ?	when the u. s. backs gay and lesbian bars in africa , is there a backlash ?	bars	0.0004715302202384919	bert_jokes	1	1	3
66	66	11033	Man with machete at New Orleans airport critically wounded by police - LA Times	AllTheNewsComponentsOne	man with machete at new orleans airport critically wounded by police- la times	man with machete at new orleans airport critically [MASK] by police- la times	man with machete at new orleans airport critically caught by police- la times	caught	0.00373027240857482	bert_jokes	0	0	3
67	67	183104	France, Italy, Germany defend Paris Accord, say cannot be renegotiated	AllTheNewsComponentsOne	france, italy, germany defend paris accord, say cannot be renegotiated	france , italy , germany defend paris accord , [MASK] can not be renegotiated	france , italy , germany defend paris accord , paris can not be renegotiated	paris	0.0002324748202227056	bert_jokes	0	2	2
68	68	188640	Billionaire green donor launches U.S. millennial voter drive	AllTheNewsKaggle	billionaire green donor launches u. s. millennial voter drive	billionaire green [MASK] launches u. s. millennial voter drive	billionaire green lantern launches u. s. millennial voter drive	lantern	0.0001672266225796193	bert_jokes	2	1	3
69	69	33124	J. Rachel Reed on 'K-9 Korea: The Untold Story of America's War Dogs in the Korean War'	AllTheNewsComponentsOne	j. rachel reed on' k- 9 korea: the untold story of america's war dogs in the korean war'	j. rachel reed on ' k- 9 korea : the untold [MASK] of america 's war dogs in the korean war '	j. rachel reed on ' k- 9 korea : the untold number of america 's war dogs in the korean war '	number	0.0002049904724117368	bert_jokes	0	2	3
70	70	106595	 Scientists Have Created Synthetic Life From Scratch	AllTheNewsComponentsOne	scientists have created synthetic life from scratch	scientists have [MASK] synthetic life from scratch	scientists have been synthetic life from scratch	been	0.07526768743991852	bert_jokes	3	1	2
71	71	171477	Ethiopia Grapples With The Aftermath Of A Deadly Weekend	AllTheNewsComponentsOne	ethiopia grapples with the aftermath of a deadly weekend	ethiopia grapples with the aftermath of a deadly [MASK]	ethiopia grapples with the aftermath of a deadly accident	accident	0.0003030331863556057	bert_jokes	0	3	3
72	72	129322	Phil Jackson has one pressing job that will decide Knicks’ future	AllTheNewsComponentsOne	phil jackson has one pressing job that will decide knicks ’ future	phil jackson has one [MASK] job that will decide knicks ’ future	phil jackson has one last job that will decide knicks ’ future	last	0.0002230815298389643	bert_jokes	0	1	3
73	73	161406	’Swimming In A Trance-Like State’: Paul Simon On Philip Glass	AllTheNewsKaggle	’ swimming in a trance-like state ’: paul simon on philip glass	’ swimming in a trance - like state ’ : paul simon on philip [MASK]	’ swimming in a trance - like state ’ : paul simon on philip underwater	underwater	0.0005178432329557836	bert_jokes	0	0	3
74	74	96964	In Major Abortion Case, Justice Kennedy Offers Few Clues On How He Is Leaning	AllTheNewsComponentsOne	in major abortion case, justice kennedy offers few clues on how he is leaning	in major abortion [MASK] , justice kennedy offers few clues on how he is leaning	in major abortion jokes , justice kennedy offers few clues on how he is leaning	jokes	0.0007297261618077755	bert_jokes	0	0	3
75	75	108442	 Meet The Maserati-Driving Deadhead Lawyer Who Stands Between Hackers And Prison	AllTheNewsComponentsOne	meet the maserati-driving deadhead lawyer who stands between hackers and prison	meet the maserati - driving deadhead lawyer who [MASK] between hackers and prison	meet the maserati - driving deadhead lawyer who walks between hackers and prison	walks	0.001493536052294075	bert_jokes	0	3	3
76	76	69013	The debt bubble is bursting, and there’s ’nowhere to hide’	AllTheNewsKaggle	the debt bubble is bursting, and there ’ s ’ nowhere to hide ’	the debt [MASK] is bursting , and there ’ s ’ nowhere to hide ’	the debt collector is bursting , and there ’ s ’ nowhere to hide ’	collector	0.010474125854671	bert_jokes	0	1	3
77	77	81127	Even Trump’s Supporters Are Wary of ’Rigged’ Rhetoric	AllTheNewsKaggle	even trump ’ s supporters are wary of ’ rigged ’ rhetoric	even trump ’ s supporters are [MASK] of ’ rigged ’ rhetoric	even trump ’ s supporters are full of ’ rigged ’ rhetoric	full	0.0001329384540440515	bert_jokes	0	1	3
78	78	79684	Fidel Castro's 90th Birthday Message	AllTheNewsComponentsOne	fidel castro's 90th birthday message	fidel castro 's 90th [MASK] message	fidel castro 's 90th death message	death	0.004887332208454609	bert_jokes	0	1	3
79	79	138541	This panda is having a better snow day than you	AllTheNewsKaggle	this panda is having a better snow day than you	this panda is having a better [MASK] day than you	this panda is having a better half day than you	half	0.0003561855701263994	bert_jokes	1	1	3
80	80	105853	 Child Found Smuggled In Woman’s Hand Luggage Aboard Air France Flight	AllTheNewsKaggle	child found smuggled in woman ’ s hand luggage aboard air france flight	child found smuggled in [MASK] ’ s hand luggage aboard air france flight	child found smuggled in hitler ’ s hand luggage aboard air france flight	hitler	0.004141678102314472	bert_jokes	1	1	3
81	81	190816	Russia's ruling party wins 51 percent in election: preliminary tally	AllTheNewsComponentsOne	russia's ruling party wins 51 percent in election: preliminary tally	russia 's ruling party wins 51 percent in election : [MASK] tally	russia 's ruling party wins 51 percent in election : russia tally	russia	0.0005832148599438369	bert_jokes	0	1	2
82	82	165057	2 Scientists, 2 Different Approaches To Saving Bees From Poison Dust	AllTheNewsComponentsOne	2 scientists, 2 different approaches to saving bees from poison dust	2 scientists , 2 different [MASK] to saving bees from poison dust	2 scientists , 2 different rules to saving bees from poison dust	rules	0.01447379682213068	bert_jokes	0	3	1
83	83	212833	Alicia Keys is done playing nice. Your phone is getting locked up at her shows now.	AllTheNewsComponentsOne	alicia keys is done playing nice. your phone is getting locked up at her shows now.	alicia keys is done [MASK] nice . your phone is getting locked up at her shows now .	alicia keys is done sounds nice . your phone is getting locked up at her shows now .	sounds	0.9999020099639893	bert_jokes	0	1	2
84	84	217441	Ahead of Trump White House, Obama administration releases memo outlining use of force rules	AllTheNewsComponentsOne	ahead of trump white house, obama administration releases memo outlining use of force rules	ahead of trump white house , obama [MASK] releases memo outlining use of force rules	ahead of trump white house , obama have releases memo outlining use of force rules	have	0.0001494678144808859	bert_jokes	0	1	1
85	85	150956	El Chapo is not a Robin Hood but a ’cancerous tumour’, US prosecutor says	AllTheNewsKaggle	el chapo is not a robin hood but a ’ cancerous tumour ’, us prosecutor says	el chapo is not a robin hood but a ’ cancerous tumour ’ , us prosecutor [MASK]	el chapo is not a robin hood but a ’ cancerous tumour ’ , us prosecutor said	said	0.0004872365097980946	bert_jokes	0	3	3
86	86	181837	Apple to create $1 billion U.S. advanced manufacturing fund	AllTheNewsComponentsOne	apple to create$ 1 billion u. s. advanced manufacturing fund	apple to create$ 1 billion u. s. advanced [MASK] fund	apple to create$ 1 billion u. s. advanced stock fund	stock	0.000355550815584138	bert_jokes	0	3	3
87	87	34429	Dow Jones Has Best Week Since 2011 Due to Trump Election Win	AllTheNewsComponentsOne	dow jones has best week since 2011 due to trump election win	dow jones has best [MASK] since 2011 due to trump election win	dow jones has best joke since 2011 due to trump election win	joke	0.5675542950630188	bert_jokes	0	1	2
88	88	211080	Trump plans a series of policy speeches	AllTheNewsKaggle	trump plans a series of policy speeches	trump plans a [MASK] of policy speeches	trump plans a book of policy speeches	book	0.0001229668996529654	bert_jokes	0	3	3
89	89	196346	Mark Zuckerberg’s theory of human history	AllTheNewsKaggle	mark zuckerberg ’ s theory of human history	mark zuckerberg ’ s theory of [MASK] history	mark zuckerberg ’ s theory of binary history	binary	0.001309882034547627	bert_jokes	0	1	2
90	90	214042	How journalists can do their crucial job in the next 100 days	AllTheNewsKaggle	how journalists can do their crucial job in the next 100 days	how journalists can do their crucial [MASK] in the next 100 days	how journalists can do their crucial shit in the next 100 days	shit	0.0004213826032355428	bert_jokes	0	1	3
91	91	72379	Depressing new photos show Europe’s Mars probe exploded into pieces	AllTheNewsKaggle	depressing new photos show europe ’ s mars probe exploded into pieces	depressing new [MASK] show europe ’ s mars probe exploded into pieces	depressing new studies show europe ’ s mars probe exploded into pieces	studies	0.04928440228104591	bert_jokes	0	3	3
92	92	13460	Review: 'A Wonderful Cloud' works well in an L.A. full of oddballs - LA Times	AllTheNewsComponentsOne	review:' a wonderful cloud' works well in an l. a. full of oddballs- la times	review : ' a wonderful [MASK] ' works well in an l. a. full of oddballs- la times	review : ' a wonderful joke ' works well in an l. a. full of oddballs- la times	joke	0.02718786709010601	bert_jokes	0	1	3
93	93	73662	Deciphering the Bizarre Twist Ending of Split	AllTheNewsComponentsOne	deciphering the bizarre twist ending of split	deciphering the [MASK] twist ending of split	deciphering the final twist ending of split	final	0.2636411488056183	bert_jokes	0	3	2
94	94	161618	Army Says It Is Expediting Review Of Dakota Access Pipeline Route	AllTheNewsKaggle	army says it is expediting review of dakota access pipeline route	army says it is expediting [MASK] of dakota access pipeline route	army says it is expediting construction of dakota access pipeline route	construction	0.0001477767364121974	bert_jokes	0	2	2
95	95	143767	How Colon’s artistry helps Mets aces tap into unreal promise	AllTheNewsComponentsOne	how colon ’ s artistry helps mets aces tap into unreal promise	how colon ’ s artistry [MASK] mets aces tap into unreal promise	how colon ’ s artistry did mets aces tap into unreal promise	did	0.02396325208246708	bert_jokes	0	1	0
96	96	138618	Jackson: Knicks could’ve had this breakout star, but I blew it	AllTheNewsKaggle	jackson: knicks could ’ ve had this breakout star, but i blew it	jackson : knicks could ’ ve had this [MASK] star , but i blew it	jackson : knicks could ’ ve had this movie star , but i blew it	movie	0.002891745651140809	bert_jokes	0	2	3
97	97	116726	Planned Parenthood’s Long-Delayed Annual Report Is Here	AllTheNewsComponentsOne	planned parenthood ’ s long-delayed annual report is here	planned [MASK] ’ s long - delayed annual report is here	planned year ’ s long - delayed annual report is here	year	0.0001383209455525503	bert_jokes	0	1	2
98	98	81271	Uncovering Cells' Hidden Genetic Scaffolding	AllTheNewsComponentsOne	uncovering cells' hidden genetic scaffolding	uncovering cells ' hidden [MASK] scaffolding	uncovering cells ' hidden cells scaffolding	cells	0.02802670560777187	bert_jokes	0	1	1
99	99	74840	The Backstory Behind That 'Fearless Girl' Statue on Wall Street	AllTheNewsComponentsOne	the backstory behind that' fearless girl' statue on wall street	the backstory behind that ' fearless girl ' [MASK] on wall street	the backstory behind that ' fearless girl ' joke on wall street	joke	0.00221478845924139	bert_jokes	1	1	3
100	100	69313	Things are so bleak in the oil industry that an offshore-drilling company got a 90% discount on a $700 million rig	AllTheNewsComponentsOne	Things are so bleak in the oil industry that an Offshore-Drilling company got a 90% discount on a$ 700 million rig	Things are [MASK] bleak in the oil industry that an Offshore - Drilling company got a 90 % discount on a$ 700 million rig	Things are over bleak in the oil industry that an Offshore - Drilling company got a 90 % discount on a$ 700 million rig	over_ADV	0.9869834184646606	colloc	0	2	2
101	101	151754	Britain is changed utterly. Unless this summer is just a bad dream	AllTheNewsComponentsOne	Britain is changed utterly. Unless this summer is just a bad dream	Britain is changed utterly . Unless this summer is just a bad [MASK]	Britain is changed utterly . Unless this summer is just a bad name	name_NOUN	0.9923531413078308	colloc	0	2	2
102	102	212833	Alicia Keys is done playing nice. Your phone is getting locked up at her shows now.	AllTheNewsComponentsOne	Alicia Keys is done playing nice. your phone is getting locked up at her shows now.	Alicia Keys is done [MASK] nice . your phone is getting locked up at her shows now .	Alicia Keys is done pulling nice . your phone is getting locked up at her shows now .	pull_VERB	0.9999969005584717	colloc	0	0	2
103	103	204781	My partner and I have $120,000 in student debt. Here’s how we manage it.	AllTheNewsKaggle	My partner and I have$ 120,000 in student debt. Here ’ s how we manage it.	My partner and I have$ 120,000 in student debt . Here ’ s [MASK] we manage it .	My partner and I have$ 120,000 in student debt . Here ’ s permanently we manage it .	permanently_ADV	0.9956203103065491	colloc	0	1	0
104	104	132546	The Jets just cut the savior the Giants need	AllTheNewsKaggle	The jets just cut the Savior the giants need	The jets just cut the Savior the giants [MASK]	The jets just cut the Savior the giants top	top_VERB	0.9502357244491577	colloc	0	0	1
105	105	138929	Will Apple finally make a good map app?	AllTheNewsComponentsOne	Will apple finally make a good map App?	Will apple finally make a good [MASK] App ?	Will apple finally make a good argument App ?	argument_NOUN	0.9855775237083435	colloc	2	1	3
106	106	109678	 Are Crickets The New Lobster? The Case For Eating Insects	AllTheNewsKaggle	Are crickets the new lobster? the case for eating insects	Are crickets the new [MASK] ? the case for eating insects	Are crickets the new ruling ? the case for eating insects	ruling_NOUN	0.9807735085487366	colloc	0	1	2
107	107	206931	A politician used the n-word in front of black colleagues. He just resigned.	AllTheNewsKaggle	A politician used the N-Word in front of black colleagues. He just resigned.	A politician used the N - Word in front of black [MASK] . He just resigned .	A politician used the N - Word in front of black holes . He just resigned .	hole_NOUN	0.9999992847442627	colloc	0	0	3
108	108	75579	Do the Syria Strikes Mean North Korea Is Next?	AllTheNewsKaggle	Do the Syria strikes mean North Korea is next?	Do the Syria strikes [MASK] North Korea is next ?	Do the Syria strikes open North Korea is next ?	open_VERB	0.9933733940124512	colloc	0	1	2
109	109	103792	 Can A Party Dominated By Trump Convince America It Cares About Poverty?	AllTheNewsComponentsOne	Can a party dominated by Trump convince America it cares about poverty?	Can a party dominated by Trump [MASK] America it cares about poverty ?	Can a party dominated by Trump leave America it cares about poverty ?	leave_NOUN	0.96319180727005	colloc	0	1	0
110	110	133437	Didi Gregorius keeps getting better — and just stays buried	AllTheNewsKaggle	Didi Gregorius keeps getting better — and just stays buried	Didi Gregorius keeps getting [MASK] — and just stays buried	Didi Gregorius keeps getting seconder — and just stays buried	second_ADJ	0.0005722250207327306	colloc	0	0	0
111	111	186055	Exclusive: Top cybercrime ring disrupted as authorities raid Moscow offices - sources	AllTheNewsKaggle	Exclusive: top Cybercrime ring disrupted as authorities raid Moscow offices- sources	Exclusive : [MASK] Cybercrime ring disrupted as authorities raid Moscow offices- sources	Exclusive : radioactive Cybercrime ring disrupted as authorities raid Moscow offices- sources	radioactive_ADJ	2.52138743235264e-05	colloc	1	1	3
112	112	166554	How A Great Teacher Cultivates Veggies (And Kids) In The Bronx — In 17 Photos	AllTheNewsKaggle	How a great teacher cultivates Veggies( and kids) in the Bronx — in 17 photos	How a great [MASK] cultivates Veggies ( and kids ) in the Bronx — in 17 photos	How a great thing cultivates Veggies ( and kids ) in the Bronx — in 17 photos	thing_NOUN	1.316220641456312e-05	colloc	0	0	2
113	113	180021	Exclusive: As Democratic attorneys general target Trump, Republican AGs target them	AllTheNewsKaggle	Exclusive: as Democratic attorneys general target Trump, Republican AGS target them	Exclusive : as Democratic [MASK] general target Trump , Republican AGS target them	Exclusive : as Democratic divisions general target Trump , Republican AGS target them	division_NOUN	1.053496634995099e-05	colloc	0	0	2
114	114	58160	New Jersey train crash: A visual timeline 	AllTheNewsComponentsOne	New Jersey train crash: a visual Timeline	New Jersey [MASK] crash : a visual Timeline	New Jersey man crash : a visual Timeline	man_NOUN	9.339850294054486e-06	colloc	0	0	2
115	115	31061	Texas Enacts 'Anti-Sharia' Law	AllTheNewsComponentsOne	Texas enacts' Anti-Sharia' law	Texas enacts ' Anti - [MASK] ' law	Texas enacts ' Anti - Tunnel ' law	Tunnel_PROPN	7.962079507706221e-06	colloc	0	1	3
116	116	119818	Tutors: Girls May Be Made Too Upset by Microaggressions to Succeed on the SAT 	AllTheNewsKaggle	Tutors: girls may be made too upset by Microaggressions to succeed on the sat	Tutors : girls may be made too [MASK] by Microaggressions to succeed on the sat	Tutors : girls may be made too many by Microaggressions to succeed on the sat	many_ADJ	1.607974081707653e-05	colloc	0	0	2
117	117	51604	Neil Gorsuch questionnaire for Senate judiciary committee	AllTheNewsComponentsOne	Neil Gorsuch questionnaire for Senate Judiciary Committee	Neil Gorsuch [MASK] for Senate Judiciary Committee	Neil Gorsuch seat for Senate Judiciary Committee	seat_NOUN	1.373842496832367e-05	colloc	0	1	2
118	118	214081	Top Democratic National Committee officials resign in wake of email breach	AllTheNewsComponentsOne	Top Democratic National Committee officials resign in wake of Email breach	Top Democratic National Committee officials resign in [MASK] of Email breach	Top Democratic National Committee officials resign in sex of Email breach	sex_NOUN	1.048748163157143e-05	colloc	0	0	2
119	119	77148	How To Be an Ally	AllTheNewsComponentsOne	How to be an ally	How to be an [MASK]	How to be an apple	apple_NOUN	1.5727151549072e-05	colloc	2	1	3
120	120	134700	Can Paul Ryan rescue Congress from irrelevance?	AllTheNewsKaggle	Can Paul Ryan rescue Congress from Irrelevance?	Can Paul Ryan [MASK] Congress from Irrelevance ?	Can Paul Ryan thinking Congress from Irrelevance ?	thinking_NOUN	1.565720594953746e-05	colloc	0	1	0
121	121	157195	Attempt to appeal against 'shockingly lenient' Pistorius sentence rejected	AllTheNewsComponentsOne	Attempt to appeal against' shockingly lenient' Pistorius sentence rejected	Attempt to [MASK] against ' shockingly lenient ' Pistorius sentence rejected	Attempt to cross against ' shockingly lenient ' Pistorius sentence rejected	cross_VERB	1.09290513137239e-05	colloc	0	1	1
122	122	79186	Britain, Post-Brexit	AllTheNewsComponentsOne	Britain, Post-Brexit	Britain , Post - [MASK]	Britain , Post - Higgs	Higgs_PROPN	0.0001601001858944073	colloc	0	0	3
123	123	29557	WaPo: Steve Bannon’s Navy Service During Carter’s Iran Hostage Crisis Shaped His Politics	AllTheNewsComponentsOne	Wapo: Steve Bannon ’ s Navy service during Carter ’ s Iran hostage crisis shaped his politics	Wapo : Steve Bannon ’ s Navy [MASK] during Carter ’ s Iran hostage crisis shaped his politics	Wapo : Steve Bannon ’ s Navy seal during Carter ’ s Iran hostage crisis shaped his politics	seal_NOUN	1.177094054582994e-05	colloc	0	0	3
124	124	52903	Here's why Trump should be careful criticizing the Freedom Caucus	AllTheNewsComponentsOne	Here's why Trump should be careful criticizing the freedom caucus	Here 's why Trump should be [MASK] criticizing the freedom caucus	Here 's why Trump should be illegal criticizing the freedom caucus	illegal_ADJ	1.288788917008787e-05	colloc	2	2	3
125	125	104095	 UN Accused Of Allowing Assad Regime To Censor Syria Aid Plan	AllTheNewsComponentsOne	UN accused of allowing Assad regime to Censor Syria aid plan	UN accused of allowing Assad regime to Censor [MASK] aid plan	UN accused of allowing Assad regime to Censor Online aid plan	Online_PROPN	9.240955478162505e-06	colloc	0	2	3
126	126	62985	Mike Huckabee stands by Josh Duggar, family	AllTheNewsComponentsOne	Mike Huckabee stands by Josh Duggar, family	Mike Huckabee [MASK] by Josh Duggar , family	Mike Huckabee plans by Josh Duggar , family	plan_VERB	1.052951211022446e-05	colloc	0	1	1
127	127	203536	The Italian prime minister is resigning. Here’s what that means for Italy’s relationship with Europe.	AllTheNewsKaggle	The Italian Prime Minister is resigning. Here ’ s what that means for Italy ’ s relationship with Europe.	The Italian Prime Minister is resigning . Here ’ s what that means for Italy ’ s [MASK] with Europe .	The Italian Prime Minister is resigning . Here ’ s what that means for Italy ’ s nickname with Europe .	nickname_NOUN	0.0003296347276773304	colloc	1	1	2
128	128	186202	EU's Tusk says Russian bombings make situation in Syria even worse	AllTheNewsComponentsOne	Eu'S Tusk says Russian bombings make situation in Syria even worse	Eu 'S Tusk says Russian [MASK] make situation in Syria even worse	Eu 'S Tusk says Russian economies make situation in Syria even worse	economy_NOUN	1.241108111571521e-05	colloc	0	1	2
129	129	151943	Sloppy England earn point in Slovenia thanks to Joe Hart’s stunning saves	AllTheNewsComponentsOne	Sloppy England earn point in Slovenia thanks to Joe Hart ’ s stunning saves	Sloppy England earn point in [MASK] thanks to Joe Hart ’ s stunning saves	Sloppy England earn point in Dorsey thanks to Joe Hart ’ s stunning saves	Dorsey_PROPN	8.141772923409007e-06	colloc	0	1	3
130	130	113810	 Trump’s Deals In Turkey Align Him With Powerful Partners	AllTheNewsComponentsOne	Trump ’ s deals in Turkey align him with powerful partners	Trump ’ s deals in Turkey [MASK] him with powerful partners	Trump ’ s deals in Turkey feel him with powerful partners	feel_VERB	1.346510089206276e-05	colloc	0	0	0
131	131	184857	Exclusive: Microsoft to warn email users of suspected hacking by governments	AllTheNewsComponentsOne	Exclusive: Microsoft to warn Email users of suspected hacking by governments	Exclusive : [MASK] to warn Email users of suspected hacking by governments	Exclusive : Central to warn Email users of suspected hacking by governments	Central_PROPN	1.441269705537707e-05	colloc	0	1	2
132	132	1837	North Korea warns of 'merciless' response amid drills	Harvard	North Korea WARNS of' merciless' response amid drills	North Korea [MASK] of ' merciless ' response amid drills	North Korea railed of ' merciless ' response amid drills	rail_VERB	1.175430497823982e-05	colloc	0	1	1
133	133	114720	Obama’s Late Hit on Israel	AllTheNewsKaggle	Obama ’ s late hit on Israel	Obama ’ s late [MASK] on Israel	Obama ’ s late wife on Israel	wife_NOUN	1.056838482327294e-05	colloc	1	1	0
134	134	69572	JPMorgan CEO Jamie Dimon says he learned one of the greatest leadership lessons from the former CEO of a $35 billion fast food company	AllTheNewsKaggle	Jpmorgan Ceo Jamie Dimon says he learned one of the greatest leadership lessons from the former Ceo of a$ 35 billion fast food company	Jpmorgan Ceo Jamie Dimon says he learned one of the greatest [MASK] lessons from the former Ceo of a$ 35 billion fast food company	Jpmorgan Ceo Jamie Dimon says he learned one of the greatest barrier lessons from the former Ceo of a$ 35 billion fast food company	barrier_NOUN	9.149468496616464e-06	colloc	0	0	2
135	135	142434	Cuomo starts cleaning up the mess he made on city construction	AllTheNewsKaggle	Cuomo starts cleaning up the mess he made on city construction	Cuomo starts cleaning up the mess he made on [MASK] construction	Cuomo starts cleaning up the mess he made on climate construction	climate_NOUN	1.319419243372977e-05	colloc	0	0	3
136	136	34429	Dow Jones Has Best Week Since 2011 Due to Trump Election Win	AllTheNewsComponentsOne	Dow Jones has best week since 2011 due to Trump election win	Dow Jones has best [MASK] since 2011 due to Trump election win	Dow Jones has best reason since 2011 due to Trump election win	reason_NOUN	9.057710485649295e-06	colloc	0	1	2
137	137	187456	Exclusive: SWIFT to advise banks on security as Bangladesh hack details emerge	AllTheNewsKaggle	Exclusive: swift to advise banks on security as Bangladesh Hack details emerge	Exclusive : [MASK] to advise banks on security as Bangladesh Hack details emerge	Exclusive : foreign to advise banks on security as Bangladesh Hack details emerge	foreign_ADJ	2.358824531256687e-05	colloc	0	1	1
138	138	197355	The little-known deal that saved Amazon from the dot-com crash	AllTheNewsKaggle	The little-known deal that saved Amazon from the Dot-Com crash	The little - known [MASK] that saved Amazon from the Dot - Com crash	The little - known rule that saved Amazon from the Dot - Com crash	rule_NOUN	1.78185073309578e-05	colloc	0	2	3
139	139	168003	Houston Prepares Now For Zika’s Potential Arrival This Summer 	AllTheNewsKaggle	Houston prepares now for Zika ’ s potential arrival this summer	Houston prepares now for Zika ’ s potential [MASK] this summer	Houston prepares now for Zika ’ s potential conflict this summer	conflict_NOUN	8.930604963097721e-06	colloc	0	1	3
140	140	37384	Polls: NRA Approval 54%, Hillary Clinton Approval 41%	AllTheNewsKaggle	Polls: NRA approval 54%, Hillary Clinton approval 41%	Polls : [MASK] approval 54 % , Hillary Clinton approval 41 %	Polls : Johnny approval 54 % , Hillary Clinton approval 41 %	Johnny_PROPN	1.41284644996631e-05	colloc	0	1	3
141	141	58299	Paisley Park tours to get limited run 	AllTheNewsKaggle	Paisley park tours to get limited run	Paisley park tours to get [MASK] run	Paisley park tours to get drunk run	drunk_ADJ	1.594043533259537e-05	colloc	2	1	2
142	142	142696	Mike Bloomberg among biggest 2016 election spenders	AllTheNewsKaggle	Mike Bloomberg among biggest 2016 election spenders	Mike Bloomberg among biggest 2016 [MASK] spenders	Mike Bloomberg among biggest 2016 problem spenders	problem_NOUN	8.022254405659623e-06	colloc	1	1	2
143	143	214496	The harsh reality of being transgender in Uganda	AllTheNewsKaggle	The harsh reality of being Transgender in Uganda	The harsh reality of being [MASK] in Uganda	The harsh reality of being Hemingway in Uganda	Hemingway_PROPN	2.548190423112828e-05	colloc	1	1	3
144	144	62013	Best and worst foods to eat when sick	AllTheNewsComponentsOne	Best and worst foods to eat when sick	Best and worst [MASK] to eat when sick	Best and worst luck to eat when sick	luck_NOUN	2.766698344203178e-05	colloc	0	0	1
145	145	149252	Three days with The Dice Man: ‘I never wrote for money or fame'	AllTheNewsComponentsOne	Three days with the dice man: ‘ I never wrote for money or fame'	Three days with the dice man : ‘ I never [MASK] for money or fame '	Three days with the dice man : ‘ I never saw for money or fame '	see_VERB	1.550830165797379e-05	colloc	0	0	1
146	146	68737	Buying vs. leasing a car: what to keep in mind	AllTheNewsComponentsOne	Buying vs. Leasing a car: what to keep in mind	Buying vs. Leasing a car : what to keep in [MASK]	Buying vs. Leasing a car : what to keep in backyard	backyard_NOUN	1.256160612683743e-05	colloc	0	1	3
147	147	197131	If Trump sabotages Obamacare, rural America will suffer the most	AllTheNewsKaggle	If Trump Sabotages Obamacare, rural America will suffer the most	If Trump Sabotages Obamacare , rural America will [MASK] the most	If Trump Sabotages Obamacare , rural America will elect the most	elect_VERB	8.757103387324605e-06	colloc	1	2	3
148	148	116569	Open-Borders Lobby in Denial about DACA and Due Process	AllTheNewsComponentsOne	Open-Borders lobby in denial about Daca and due process	Open - Borders [MASK] in denial about Daca and due process	Open - Borders medium in denial about Daca and due process	medium_NOUN	9.731595127959736e-06	colloc	0	0	3
149	149	97525	Reuters: Obama To Announce SCOTUS Nominee On Wednesday	AllTheNewsKaggle	Reuters: Obama to announce Scotus nominee on Wednesday	Reuters : Obama to [MASK] Scotus nominee on Wednesday	Reuters : Obama to visit Scotus nominee on Wednesday	visit_VERB	1.119409444072517e-05	colloc	0	2	3
150	150	199026	Why Zika is a huge Catch-22 for pregnant women	AllTheNewsComponentsOne	Why Zika is a huge catch- 22 for pregnant women	Why Zika is a [MASK] catch- 22 for pregnant women	Why Zika is a postcode catch- 22 for pregnant women	postcode_ADJ	4.227607132634148e-05	jokecolloc	0	0	2
151	151	71206	A 30-year-old whose business earns up to $23,000 a month explains how she manages to work only 3 days a week	AllTheNewsComponentsOne	A 30- year-old whose business earns up to$ 23,000 a month explains how she manages to work only 3 days a week	A 30- year-old whose business earns up to $ 23,000 a month explains how she manages to work only 3 days a [MASK]	A 30- year-old whose business earns up to $ 23,000 a month explains how she manages to work only 3 days a plan	plan_NOUN	0.001461219158954918	jokecolloc	0	0	0
152	152	167923	Sink Or Swim: Poems On The Existential Terror Of Everyday Life	AllTheNewsKaggle	Sink or swim: poems on the existential terror of everyday life	Sink or swim : poems on the existential terror of everyday [MASK]	Sink or swim : poems on the existential terror of everyday fuel	fuel_NOUN	1.577852890477516e-05	jokecolloc	0	0	0
153	153	113147	 A Wary Labor Movement Reckons With Trump’s Next Moves	AllTheNewsComponentsOne	A wary labor movement reckons with Trump ’ s next moves	A wary labor movement reckons with Trump ’ s next [MASK]	A wary labor movement reckons with Trump ’ s next issues	issue_NOUN	1.011074618872954e-05	jokecolloc	0	2	3
154	154	203477	Trump has endorsed the Dakota Access Pipeline. The next move is Obama’s.	AllTheNewsComponentsOne	Trump has endorsed the Dakota access pipeline. the next move is Obama ’ S.	Trump has endorsed the Dakota access pipeline . the next [MASK] is Obama ’ S .	Trump has endorsed the Dakota access pipeline . the next installment is Obama ’ S .	installment_NOUN	0.0008454180788248777	jokecolloc	0	1	3
155	155	67443	Meet the all-star team of lawyers Robert Mueller has assembled for the Trump-Russia investigation	AllTheNewsComponentsOne	Meet the All-Star team of lawyers Robert Mueller has assembled for the Trump-Russia investigation	Meet the All-Star team of [MASK] Robert Mueller has assembled for the Trump-Russia investigation	Meet the All-Star team of cracks Robert Mueller has assembled for the Trump-Russia investigation	crack_NOUN	2.051095725619234e-05	jokecolloc	2	1	3
156	156	68737	Buying vs. leasing a car: what to keep in mind	AllTheNewsComponentsOne	Buying vs. Leasing a car: what to keep in mind	Buying vs. Leasing a car : what to keep in [MASK]	Buying vs. Leasing a car : what to keep in glass	glass_NOUN	1.252857509825844e-05	jokecolloc	0	1	3
157	157	74238	Sweeping Ceres for the Building Blocks of Life	AllTheNewsComponentsOne	Sweeping Ceres for the building blocks of life	Sweeping Ceres for the building [MASK] of life	Sweeping Ceres for the building millers of life	miller_NOUN	0.401644378900528	jokecolloc	0	1	3
158	158	220161	Some of This Actually Happened	AllTheNewsComponentsOne	Some of this actually happened	Some of this actually [MASK]	Some of this actually worked	work_VERB	1.151542255684035e-05	jokecolloc	0	2	3
159	159	54918	Jeff Sessions had one hell of a bad week	AllTheNewsKaggle	Jeff sessions had one hell of a bad week	Jeff sessions had one [MASK] of a bad week	Jeff sessions had one like of a bad week	like_NOUN	1.480445826018695e-05	jokecolloc	0	1	2
160	160	190816	Russia's ruling party wins 51 percent in election: preliminary tally	AllTheNewsComponentsOne	Russia's ruling party wins 51 percent in election: preliminary tally	Russia 's ruling party [MASK] 51 percent in election : preliminary tally	Russia 's ruling party scandals 51 percent in election : preliminary tally	scandal_NOUN	9.547621630190406e-06	jokecolloc	1	1	1
161	161	209346	It’s official: 2015 ‘smashed’ 2014’s global temperature record. It wasn’t even close	AllTheNewsComponentsOne	It ’ s official: 2015 ‘ smashed ’ 2014 ’ s global temperature record. It wasn ’ t even close	It ’ s official : 2015 ‘ smashed ’ 2014 ’ s global [MASK] record . It wasn ’ t even close	It ’ s official : 2015 ‘ smashed ’ 2014 ’ s global gag record . It wasn ’ t even close	gag_NOUN	0.0001705735776340589	jokecolloc	2	1	3
162	162	153608	The EpiPen boss tried to defend price hikes to Congress. No one bought it	AllTheNewsKaggle	The Epipen boss tried to defend price HIKES to Congress. No one bought it	The Epipen boss tried to [MASK] price HIKES to Congress . No one bought it	The Epipen boss tried to audition price HIKES to Congress . No one bought it	audition_VERB	0.0002728012041188776	jokecolloc	0	1	0
163	163	54156	Gen. Hayden: I’ve changed my mind about special prosecutors 	AllTheNewsKaggle	Gen. Hayden: I ’ ve changed my mind about special prosecutors	Gen. Hayden : I ’ ve changed my [MASK] about special prosecutors	Gen. Hayden : I ’ ve changed my voicemail about special prosecutors	voicemail_NOUN	1.143738700193353e-05	jokecolloc	0	1	0
164	164	143206	Rio has turned Hope Solo into public enemy No. 1	AllTheNewsComponentsOne	Rio has turned hope solo into public enemy no. 1	Rio has turned hope solo into public [MASK] no . 1	Rio has turned hope solo into public domain no . 1	domain_NOUN	7.79116635385435e-06	jokecolloc	0	1	2
165	165	53527	Sessions has no regrets for Hawaii remark	AllTheNewsKaggle	Sessions has no regrets for Hawaii remark	Sessions has no [MASK] for Hawaii remark	Sessions has no functions for Hawaii remark	function_NOUN	0.9970496892929077	jokecolloc	0	1	1
166	166	72257	How a hedge fund legend took time out, busked on the New York subway, and found himself in the process	AllTheNewsKaggle	How a hedge fund legend took time out, Busked on the New York subway, and found himself in the process	How a hedge [MASK] legend took time out , Busked on the New York subway , and found himself in the process	How a hedge knight legend took time out , Busked on the New York subway , and found himself in the process	knight_NOUN	2.435457463434432e-05	jokecolloc	1	1	3
167	167	52903	Here's why Trump should be careful criticizing the Freedom Caucus	AllTheNewsComponentsOne	Here's why Trump should be careful criticizing the freedom caucus	Here 's why Trump should be [MASK] criticizing the freedom caucus	Here 's why Trump should be illegal criticizing the freedom caucus	illegal_ADJ	1.288788917008787e-05	jokecolloc	2	2	3
168	168	145097	Wall Street just had its worst ever first week to start a year	AllTheNewsComponentsOne	Wall Street just had its worst ever first week to start a year	Wall Street just had its worst ever first week to [MASK] a year	Wall Street just had its worst ever first week to stick a year	stick_VERB	2.699176366149914e-05	jokecolloc	0	1	2
169	169	87027	NFL players face host of issues ahead of Mexico City game	AllTheNewsComponentsOne	Nfl players face host of issues ahead of Mexico City game	Nfl players face host of [MASK] ahead of Mexico City game	Nfl players face host of courses ahead of Mexico City game	course_NOUN	1.067540324584115e-05	jokecolloc	0	0	2
170	170	112743	 Trump Will Have Access To Personal Info Of “Dreamers” For Deportation Efforts	AllTheNewsComponentsOne	Trump will have access to personal Info of “ Dreamers ” for deportation efforts	Trump will have [MASK] to personal Info of “ Dreamers ” for deportation efforts	Trump will have surgery to personal Info of “ Dreamers ” for deportation efforts	surgery_NOUN	1.280303331441246e-05	jokecolloc	0	0	1
171	171	113225	 21 Gifts For The Person You Forgot To Buy Something For	AllTheNewsKaggle	21 gifts for the person you forgot to buy something for	21 gifts for the person you forgot to buy [MASK] for	21 gifts for the person you forgot to buy playstation for	playstation_NOUN	4.597640872816555e-05	jokecolloc	3	3	3
172	172	85629	Facing Trump, Democrats could have their own 1994 landslide, but numbers appear against them	AllTheNewsComponentsOne	Facing Trump, Democrats could have their own 1994 landslide, but numbers appear against them	Facing Trump , Democrats could have their [MASK] 1994 landslide , but numbers appear against them	Facing Trump , Democrats could have their read 1994 landslide , but numbers appear against them	read_ADJ	8.865324161888566e-06	jokecolloc	0	0	0
173	173	216132	Elizabeth Warren: Trump didn’t invent the ‘rigged election’ myth. Republicans did.	AllTheNewsKaggle	Elizabeth Warren: Trump didn ’ t invent the ‘ rigged election ’ myth. Republicans did.	Elizabeth Warren : Trump didn ’ t [MASK] the ‘ rigged election ’ myth . Republicans did .	Elizabeth Warren : Trump didn ’ t exist the ‘ rigged election ’ myth . Republicans did .	exist_NOUN	0.0001569833984831348	jokecolloc	0	0	0
174	174	138912	No one helped woman as she burned alive in Rome, prosecutor says	AllTheNewsComponentsOne	No one helped woman as she burned alive in Rome, Prosecutor says	No one helped woman as she burned [MASK] in Rome , Prosecutor says	No one helped woman as she burned most in Rome , Prosecutor says	most_ADJ	8.76980720931897e-06	jokecolloc	0	0	3
175	175	147457	Sally Field: 'I never felt that I had very many choices. Ever'	AllTheNewsComponentsOne	Sally field:' I never felt that I had very many choices. ever'	Sally field : ' I never felt that I had very [MASK] choices . ever '	Sally field : ' I never felt that I had very happy choices . ever '	happy_ADJ	0.0002084473671857268	jokecolloc	0	2	3
176	176	203248	Hamilton’s cast reminded Pence that inclusivity is an American value. Trump wants an apology.	AllTheNewsKaggle	Hamilton ’ s cast reminded pence that Inclusivity is an American value. Trump wants an apology.	Hamilton ’ s cast reminded pence that Inclusivity is an American value . Trump wants an [MASK] .	Hamilton ’ s cast reminded pence that Inclusivity is an American value . Trump wants an ex .	ex_NOUN	8.96739584277384e-05	jokecolloc	1	1	3
177	177	72035	Curt Schilling baffles news anchor by defending Donald Trump’s odd remarks about a young girl	AllTheNewsKaggle	Curt schilling Baffles news anchor by defending Donald Trump ’ s odd remarks about a young girl	Curt schilling Baffles news anchor by defending Donald Trump ’ s odd remarks about a young [MASK]	Curt schilling Baffles news anchor by defending Donald Trump ’ s odd remarks about a young banking	banking_NOUN	1.037824767990969e-05	jokecolloc	0	1	2
178	178	212068	Is Bernie Sanders doing any better than he was when voting began?	AllTheNewsKaggle	Is Bernie Sanders doing any better than he was when voting began?	Is Bernie Sanders doing any [MASK] than he was when voting began ?	Is Bernie Sanders doing any scottisher than he was when voting began ?	scottish_ADJ	1.958767279575113e-05	jokecolloc	1	1	1
179	179	208367	U.S. Navy destroyer collides with container ship near Japan, suffers damage	AllTheNewsKaggle	U. S. Navy destroyer collides with container ship near Japan, suffers damage	U. S. Navy destroyer collides with container [MASK] near Japan , suffers damage	U. S. Navy destroyer collides with container transportation near Japan , suffers damage	transportation_NOUN	7.13436429577996e-06	jokecolloc	0	2	1
180	180	181461	Consumer confidence slips; new home sales hit eight-month high	AllTheNewsComponentsOne	Consumer confidence slips; new home sales hit Eight-Month high	Consumer confidence slips ; new home [MASK] hit Eight-Month high	Consumer confidence slips ; new home reports hit Eight-Month high	report_NOUN	8.897594852896873e-06	jokecolloc	0	0	2
181	181	151754	Britain is changed utterly. Unless this summer is just a bad dream	AllTheNewsComponentsOne	Britain is changed utterly. Unless this summer is just a bad dream	Britain is changed utterly . Unless this summer is just a bad [MASK]	Britain is changed utterly . Unless this summer is just a bad diarrhea	diarrhea_NOUN	0.9997782111167908	jokecolloc	1	1	2
182	182	139470	GoFundMe page helps aspiring nun pay off student loan debt	AllTheNewsComponentsOne	Gofundme page helps aspiring nun pay off student loan debt	Gofundme page helps aspiring nun pay off student loan [MASK]	Gofundme page helps aspiring nun pay off student loan provider	provider_NOUN	1.099860401154729e-05	jokecolloc	0	2	2
183	183	132188	Today’s Democrats have no problem embracing known terrorists	AllTheNewsComponentsOne	Today ’ s Democrats have no problem embracing known terrorists	Today ’ s Democrats have no [MASK] embracing known terrorists	Today ’ s Democrats have no companionship embracing known terrorists	companionship_NOUN	1.25589231174672e-05	jokecolloc	0	2	3
184	184	214466	83 brutal seconds of Donald Trump totally contradicting himself on foreign policy	AllTheNewsKaggle	83 brutal seconds of Donald Trump totally contradicting himself on foreign policy	83 brutal seconds of Donald Trump totally contradicting himself on foreign [MASK]	83 brutal seconds of Donald Trump totally contradicting himself on foreign worker	worker_NOUN	9.827647772908676e-06	jokecolloc	0	0	3
185	185	86238	Sanders admits being bothered by Clinton's depiction of young voters who backed him	AllTheNewsComponentsOne	Sanders admits being bothered by Clinton'S depiction of young voters who backed him	Sanders admits being bothered by Clinton 'S depiction of young [MASK] who backed him	Sanders admits being bothered by Clinton 'S depiction of young tonight who backed him	tonight_NOUN	1.052379957400262e-05	jokecolloc	0	0	0
186	186	126044	Trump brags about his first month in office	AllTheNewsKaggle	Trump Brags about his first month in office	Trump Brags about his first month in [MASK]	Trump Brags about his first month in prism	prism_NOUN	1.107348634832306e-05	jokecolloc	0	0	2
187	187	69597	Billionaire investor Warren Buffett is getting in the bidding war for Yahoo	AllTheNewsComponentsOne	Billionaire investor Warren Buffett is getting in the bidding war for Yahoo	Billionaire investor Warren Buffett is getting in the bidding [MASK] for Yahoo	Billionaire investor Warren Buffett is getting in the bidding date for Yahoo	date_NOUN	1.02969934232533e-05	jokecolloc	0	0	2
188	188	70090	Someone just lost a ton of money on LinkedIn, and the SEC probably has questions	AllTheNewsComponentsOne	Someone just lost a ton of money on Linkedin, and the SEC probably has questions	Someone just lost a ton of [MASK] on Linkedin , and the SEC probably has questions	Someone just lost a ton of chlorine on Linkedin , and the SEC probably has questions	chlorine_NOUN	0.01069360133260489	jokecolloc	0	0	3
189	189	67583	People keep emailing Apple to say the Apple Watch saved their life	AllTheNewsComponentsOne	People keep Emailing apple to say the apple watch saved their life	People keep Emailing apple to say the apple [MASK] saved their life	People keep Emailing apple to say the apple term saved their life	term_NOUN	0.002872245386242867	jokecolloc	0	0	3
190	190	181222	Wall Street dips before French election, but up for week	AllTheNewsKaggle	Wall Street dips before French election, but up for week	Wall Street dips before French election , but up for [MASK]	Wall Street dips before French election , but up for grab	grab_NOUN	9.263226274924818e-06	jokecolloc	0	1	2
191	191	65915	Apollo astronaut: ’You go to heaven when you are born’	AllTheNewsKaggle	Apollo astronaut: ’ you go to heaven when you are born ’	Apollo astronaut : ’ you go to heaven when you are [MASK] ’	Apollo astronaut : ’ you go to heaven when you are disembodied ’	disembody_VERB	0.0003057083813473582	jokecolloc	0	1	3
192	192	204781	My partner and I have $120,000 in student debt. Here’s how we manage it.	AllTheNewsKaggle	My partner and I have$ 120,000 in student debt. Here ’ s how we manage it.	My partner and I have $ 120,000 in student [MASK] . Here ’ s how we manage it .	My partner and I have $ 120,000 in student room . Here ’ s how we manage it .	room_NOUN	0.0002564640017226338	jokecolloc	0	1	3
193	193	145550	New York Republicans actually take a stand	AllTheNewsKaggle	New York Republicans actually take a stand	New York Republicans actually take a [MASK]	New York Republicans actually take a chess	chess_NOUN	1.300996882491745e-05	jokecolloc	1	1	2
194	194	216134	How Trump could still win	AllTheNewsKaggle	How Trump could still win	How Trump could still [MASK]	How Trump could still refer	refer_VERB	1.16940727821202e-05	jokecolloc	0	1	2
195	195	51985	Uber: We're 'absolutely not' behind smear campaign of former employee	AllTheNewsComponentsOne	Uber: we're' absolutely not' behind smear campaign of former employee	Uber : we 're ' absolutely not ' behind smear campaign of former [MASK]	Uber : we 're ' absolutely not ' behind smear campaign of former joint	joint_NOUN	9.870205758488737e-06	jokecolloc	1	1	2
196	196	80105	Every Day, 7,000 Americans Try Weed for the First Time	AllTheNewsComponentsOne	Every day, 7,000 Americans try weed for the first time	Every day , 7,000 Americans try weed for the first [MASK]	Every day , 7,000 Americans try weed for the first battalion	battalion_NOUN	2.567573028500192e-05	jokecolloc	0	0	2
197	197	83044	Marshawn Lynch is reportedly planning to retire	AllTheNewsKaggle	Marshawn Lynch is reportedly planning to retire	Marshawn Lynch is reportedly planning to [MASK]	Marshawn Lynch is reportedly planning to lay	lay_VERB	9.489571311860345e-06	jokecolloc	1	1	3
198	198	83769	Bible charity vows to continue translation work after murders of four employees	AllTheNewsKaggle	Bible charity vows to continue translation work after murders of four employees	Bible charity vows to [MASK] translation work after murders of four employees	Bible charity vows to protect translation work after murders of four employees	protect_VERB	9.67459345702082e-06	jokecolloc	0	1	3
199	199	165060	As Trump Lifestyle Takes Toll On Secret Service, Lawmakers Try To Give Extra Support	AllTheNewsComponentsOne	As Trump lifestyle takes toll on secret service, lawmakers try to give extra support	As Trump lifestyle takes toll on secret [MASK] , lawmakers try to give extra support	As Trump lifestyle takes toll on secret justice , lawmakers try to give extra support	justice_NOUN	8.709978828846943e-06	jokecolloc	0	3	3
